{"id1":"00000_00001","id2":"00202_00003","similarities":{"AVG":0.22388059701492538,"MAX":0.23622047244094488},"matches":[{"file1":"00000_00001/pa.java","file2":"00202_00003/soc.java","start1":20,"end1":23,"start2":94,"end2":97,"tokens":10,"file1Tokens":10,"file2Tokens":10},{"file1":"00000_00001/pa.java","file2":"00202_00003/soc.java","start1":33,"end1":38,"start2":156,"end2":165,"tokens":10,"file1Tokens":10,"file2Tokens":10},{"file1":"00000_00001/pa.java","file2":"00202_00003/soc.java","start1":54,"end1":59,"start2":117,"end2":123,"tokens":10,"file1Tokens":10,"file2Tokens":10}]}