{"id1":"00000_00002","id2":"00186_00004","similarities":{"AVG":0.2569444444444444,"MAX":0.2569444444444444},"matches":[{"file1":"00000_00002/pa.java","file2":"00186_00004/sociologia.java","start1":43,"end1":48,"start2":49,"end2":57,"tokens":10,"file1Tokens":10,"file2Tokens":10},{"file1":"00000_00002/pa.java","file2":"00186_00004/sociologia.java","start1":30,"end1":33,"start2":113,"end2":116,"tokens":9,"file1Tokens":9,"file2Tokens":9},{"file1":"00000_00002/pa.java","file2":"00186_00004/sociologia.java","start1":64,"end1":68,"start2":67,"end2":73,"tokens":9,"file1Tokens":9,"file2Tokens":9},{"file1":"00000_00002/pa.java","file2":"00186_00004/sociologia.java","start1":76,"end1":81,"start2":95,"end2":101,"tokens":9,"file1Tokens":9,"file2Tokens":9}]}