{"id1":"00000_00001","id2":"00192_00002","similarities":{"AVG":0.26356589147286824,"MAX":0.2677165354330709},"matches":[{"file1":"00000_00001/pa.java","file2":"00192_00002/main.java","start1":20,"end1":25,"start2":127,"end2":134,"tokens":14,"file1Tokens":14,"file2Tokens":14},{"file1":"00000_00001/pa.java","file2":"00192_00002/main.java","start1":33,"end1":38,"start2":97,"end2":104,"tokens":10,"file1Tokens":10,"file2Tokens":10},{"file1":"00000_00001/pa.java","file2":"00192_00002/main.java","start1":54,"end1":59,"start2":152,"end2":160,"tokens":10,"file1Tokens":10,"file2Tokens":10}]}