{"id1":"00000_00002","id2":"00197_00001","similarities":{"AVG":0.21739130434782608,"MAX":0.22727272727272727},"matches":[{"file1":"00000_00002/pa.java","file2":"00197_00001/Sociologia.java","start1":64,"end1":70,"start2":113,"end2":123,"tokens":11,"file1Tokens":11,"file2Tokens":11},{"file1":"00000_00002/pa.java","file2":"00197_00001/Sociologia.java","start1":43,"end1":48,"start2":128,"end2":137,"tokens":10,"file1Tokens":10,"file2Tokens":10},{"file1":"00000_00002/pa.java","file2":"00197_00001/Sociologia.java","start1":30,"end1":33,"start2":87,"end2":90,"tokens":9,"file1Tokens":9,"file2Tokens":9}]}