{"id1":"00000_00002","id2":"00192_00002","similarities":{"AVG":0.2109090909090909,"MAX":0.22137404580152673},"matches":[{"file1":"00000_00002/pa.java","file2":"00192_00002/main.java","start1":43,"end1":48,"start2":97,"end2":104,"tokens":10,"file1Tokens":10,"file2Tokens":10},{"file1":"00000_00002/pa.java","file2":"00192_00002/main.java","start1":64,"end1":69,"start2":152,"end2":160,"tokens":10,"file1Tokens":10,"file2Tokens":10},{"file1":"00000_00002/pa.java","file2":"00192_00002/main.java","start1":30,"end1":33,"start2":128,"end2":132,"tokens":9,"file1Tokens":9,"file2Tokens":9}]}