{"id1":"00000_00001","id2":"00192_00001","similarities":{"AVG":0.23404255319148937,"MAX":0.25984251968503935},"matches":[{"file1":"00000_00001/pa.java","file2":"00192_00001/main.java","start1":20,"end1":25,"start2":121,"end2":126,"tokens":13,"file1Tokens":13,"file2Tokens":13},{"file1":"00000_00001/pa.java","file2":"00192_00001/main.java","start1":33,"end1":38,"start2":99,"end2":107,"tokens":10,"file1Tokens":10,"file2Tokens":10},{"file1":"00000_00001/pa.java","file2":"00192_00001/main.java","start1":54,"end1":59,"start2":169,"end2":177,"tokens":10,"file1Tokens":10,"file2Tokens":10}]}