{"id1":"00000_00001","id2":"00000_00003","similarities":{"AVG":0.7636363636363637,"MAX":0.8267716535433071},"matches":[{"file1":"00000_00001/pa.java","file2":"00000_00003/pa.java","start1":29,"end1":74,"start2":41,"end2":86,"tokens":80,"file1Tokens":80,"file2Tokens":80},{"file1":"00000_00001/pa.java","file2":"00000_00003/pa.java","start1":1,"end1":11,"start2":1,"end2":11,"tokens":16,"file1Tokens":16,"file2Tokens":16},{"file1":"00000_00001/pa.java","file2":"00000_00003/pa.java","start1":21,"end1":24,"start2":31,"end2":34,"tokens":9,"file1Tokens":9,"file2Tokens":9}]}