{"id1":"00000_00002","id2":"00000_00003","similarities":{"AVG":0.9863013698630136,"MAX":1.0},"matches":[{"file1":"00000_00002/pa.java","file2":"00000_00003/pa.java","start1":39,"end1":84,"start2":41,"end2":86,"tokens":80,"file1Tokens":80,"file2Tokens":80},{"file1":"00000_00002/pa.java","file2":"00000_00003/pa.java","start1":9,"end1":38,"start2":10,"end2":39,"tokens":54,"file1Tokens":54,"file2Tokens":54},{"file1":"00000_00002/pa.java","file2":"00000_00003/pa.java","start1":1,"end1":8,"start2":1,"end2":8,"tokens":10,"file1Tokens":10,"file2Tokens":10}]}