{"id1":"00005_00002","id2":"00202_00003","similarities":{"AVG":0.19393939393939394,"MAX":0.22695035460992907},"matches":[{"file1":"00005_00002/Social.java","file2":"00202_00003/soc.java","start1":78,"end1":82,"start2":94,"end2":98,"tokens":12,"file1Tokens":12,"file2Tokens":12},{"file1":"00005_00002/Social.java","file2":"00202_00003/soc.java","start1":19,"end1":22,"start2":143,"end2":147,"tokens":11,"file1Tokens":11,"file2Tokens":11},{"file1":"00005_00002/Social.java","file2":"00202_00003/soc.java","start1":63,"end1":68,"start2":79,"end2":83,"tokens":9,"file1Tokens":9,"file2Tokens":9}]}