{"id1":"00000_00001","id2":"00197_00001","similarities":{"AVG":0.2625482625482625,"MAX":0.2677165354330709},"matches":[{"file1":"00000_00001/pa.java","file2":"00197_00001/Sociologia.java","start1":20,"end1":25,"start2":86,"end2":91,"tokens":13,"file1Tokens":13,"file2Tokens":13},{"file1":"00000_00001/pa.java","file2":"00197_00001/Sociologia.java","start1":54,"end1":60,"start2":113,"end2":123,"tokens":11,"file1Tokens":11,"file2Tokens":11},{"file1":"00000_00001/pa.java","file2":"00197_00001/Sociologia.java","start1":33,"end1":38,"start2":128,"end2":137,"tokens":10,"file1Tokens":10,"file2Tokens":10}]}