{"id1":"00000_00002","id2":"00192_00001","similarities":{"AVG":0.1939799331103679,"MAX":0.2013888888888889},"matches":[{"file1":"00000_00002/pa.java","file2":"00192_00001/main.java","start1":43,"end1":48,"start2":99,"end2":107,"tokens":10,"file1Tokens":10,"file2Tokens":10},{"file1":"00000_00002/pa.java","file2":"00192_00001/main.java","start1":64,"end1":69,"start2":169,"end2":177,"tokens":10,"file1Tokens":10,"file2Tokens":10},{"file1":"00000_00002/pa.java","file2":"00192_00001/main.java","start1":30,"end1":33,"start2":122,"end2":125,"tokens":9,"file1Tokens":9,"file2Tokens":9}]}