{"id1":"00000_00003","id2":"00186_00002","similarities":{"AVG":0.24691358024691357,"MAX":0.2702702702702703},"matches":[{"file1":"00000_00003/pa.java","file2":"00186_00002/Sociologia.java","start1":76,"end1":80,"start2":108,"end2":113,"tokens":11,"file1Tokens":11,"file2Tokens":11},{"file1":"00000_00003/pa.java","file2":"00186_00002/Sociologia.java","start1":45,"end1":50,"start2":86,"end2":93,"tokens":10,"file1Tokens":10,"file2Tokens":10},{"file1":"00000_00003/pa.java","file2":"00186_00002/Sociologia.java","start1":66,"end1":71,"start2":137,"end2":144,"tokens":10,"file1Tokens":10,"file2Tokens":10},{"file1":"00000_00003/pa.java","file2":"00186_00002/Sociologia.java","start1":31,"end1":34,"start2":118,"end2":121,"tokens":9,"file1Tokens":9,"file2Tokens":9}]}