{"id1":"00000_00002","id2":"00044_00002","similarities":{"AVG":0.2857142857142857,"MAX":0.29411764705882354},"matches":[{"file1":"00000_00002/pa.java","file2":"00044_00002/Sociologia.java","start1":74,"end1":78,"start2":83,"end2":87,"tokens":11,"file1Tokens":11,"file2Tokens":11},{"file1":"00000_00002/pa.java","file2":"00044_00002/Sociologia.java","start1":43,"end1":48,"start2":58,"end2":67,"tokens":10,"file1Tokens":10,"file2Tokens":10},{"file1":"00000_00002/pa.java","file2":"00044_00002/Sociologia.java","start1":64,"end1":69,"start2":111,"end2":118,"tokens":10,"file1Tokens":10,"file2Tokens":10},{"file1":"00000_00002/pa.java","file2":"00044_00002/Sociologia.java","start1":30,"end1":33,"start2":92,"end2":95,"tokens":9,"file1Tokens":9,"file2Tokens":9}]}