{"id1":"00000_00002","id2":"00186_00002","similarities":{"AVG":0.25,"MAX":0.2777777777777778},"matches":[{"file1":"00000_00002/pa.java","file2":"00186_00002/Sociologia.java","start1":74,"end1":78,"start2":108,"end2":113,"tokens":11,"file1Tokens":11,"file2Tokens":11},{"file1":"00000_00002/pa.java","file2":"00186_00002/Sociologia.java","start1":43,"end1":48,"start2":86,"end2":93,"tokens":10,"file1Tokens":10,"file2Tokens":10},{"file1":"00000_00002/pa.java","file2":"00186_00002/Sociologia.java","start1":64,"end1":69,"start2":137,"end2":144,"tokens":10,"file1Tokens":10,"file2Tokens":10},{"file1":"00000_00002/pa.java","file2":"00186_00002/Sociologia.java","start1":30,"end1":33,"start2":118,"end2":121,"tokens":9,"file1Tokens":9,"file2Tokens":9}]}