{"id1":"00000_00001","id2":"00202_00002","similarities":{"AVG":0.2462686567164179,"MAX":0.25984251968503935},"matches":[{"file1":"00000_00001/pa.java","file2":"00202_00002/sociologia.java","start1":51,"end1":59,"start2":117,"end2":126,"tokens":13,"file1Tokens":13,"file2Tokens":13},{"file1":"00000_00001/pa.java","file2":"00202_00002/sociologia.java","start1":20,"end1":23,"start2":94,"end2":97,"tokens":10,"file1Tokens":10,"file2Tokens":10},{"file1":"00000_00001/pa.java","file2":"00202_00002/sociologia.java","start1":33,"end1":38,"start2":159,"end2":169,"tokens":10,"file1Tokens":10,"file2Tokens":10}]}