{"id1":"00000_00003","id2":"00186_00004","similarities":{"AVG":0.2534246575342466,"MAX":0.2569444444444444},"matches":[{"file1":"00000_00003/pa.java","file2":"00186_00004/sociologia.java","start1":45,"end1":50,"start2":49,"end2":57,"tokens":10,"file1Tokens":10,"file2Tokens":10},{"file1":"00000_00003/pa.java","file2":"00186_00004/sociologia.java","start1":31,"end1":34,"start2":113,"end2":116,"tokens":9,"file1Tokens":9,"file2Tokens":9},{"file1":"00000_00003/pa.java","file2":"00186_00004/sociologia.java","start1":66,"end1":70,"start2":67,"end2":73,"tokens":9,"file1Tokens":9,"file2Tokens":9},{"file1":"00000_00003/pa.java","file2":"00186_00004/sociologia.java","start1":78,"end1":83,"start2":95,"end2":101,"tokens":9,"file1Tokens":9,"file2Tokens":9}]}