{"id1":"00000_00003","id2":"00192_00002","similarities":{"AVG":0.2078853046594982,"MAX":0.22137404580152673},"matches":[{"file1":"00000_00003/pa.java","file2":"00192_00002/main.java","start1":45,"end1":50,"start2":97,"end2":104,"tokens":10,"file1Tokens":10,"file2Tokens":10},{"file1":"00000_00003/pa.java","file2":"00192_00002/main.java","start1":66,"end1":71,"start2":152,"end2":160,"tokens":10,"file1Tokens":10,"file2Tokens":10},{"file1":"00000_00003/pa.java","file2":"00192_00002/main.java","start1":31,"end1":34,"start2":128,"end2":132,"tokens":9,"file1Tokens":9,"file2Tokens":9}]}