{"id1":"00000_00003","id2":"00044_00002","similarities":{"AVG":0.28169014084507044,"MAX":0.29411764705882354},"matches":[{"file1":"00000_00003/pa.java","file2":"00044_00002/Sociologia.java","start1":76,"end1":80,"start2":83,"end2":87,"tokens":11,"file1Tokens":11,"file2Tokens":11},{"file1":"00000_00003/pa.java","file2":"00044_00002/Sociologia.java","start1":45,"end1":50,"start2":58,"end2":67,"tokens":10,"file1Tokens":10,"file2Tokens":10},{"file1":"00000_00003/pa.java","file2":"00044_00002/Sociologia.java","start1":66,"end1":71,"start2":111,"end2":118,"tokens":10,"file1Tokens":10,"file2Tokens":10},{"file1":"00000_00003/pa.java","file2":"00044_00002/Sociologia.java","start1":31,"end1":34,"start2":92,"end2":95,"tokens":9,"file1Tokens":9,"file2Tokens":9}]}