{"id1":"00000_00002","id2":"00000_00005","similarities":{"AVG":0.8532423208191127,"MAX":0.8680555555555556},"matches":[{"file1":"00000_00002/pa.java","file2":"00000_00005/pa.java","start1":39,"end1":82,"start2":41,"end2":84,"tokens":78,"file1Tokens":78,"file2Tokens":78},{"file1":"00000_00002/pa.java","file2":"00000_00005/pa.java","start1":9,"end1":29,"start2":10,"end2":30,"tokens":37,"file1Tokens":37,"file2Tokens":37},{"file1":"00000_00002/pa.java","file2":"00000_00005/pa.java","start1":1,"end1":8,"start2":1,"end2":8,"tokens":10,"file1Tokens":10,"file2Tokens":10}]}