{"id1":"00000_00003","id2":"00197_00001","similarities":{"AVG":0.21428571428571427,"MAX":0.22727272727272727},"matches":[{"file1":"00000_00003/pa.java","file2":"00197_00001/Sociologia.java","start1":66,"end1":72,"start2":113,"end2":123,"tokens":11,"file1Tokens":11,"file2Tokens":11},{"file1":"00000_00003/pa.java","file2":"00197_00001/Sociologia.java","start1":45,"end1":50,"start2":128,"end2":137,"tokens":10,"file1Tokens":10,"file2Tokens":10},{"file1":"00000_00003/pa.java","file2":"00197_00001/Sociologia.java","start1":31,"end1":34,"start2":87,"end2":90,"tokens":9,"file1Tokens":9,"file2Tokens":9}]}