{"id1":"00000_00001","id2":"00186_00002","similarities":{"AVG":0.297029702970297,"MAX":0.3543307086614173},"matches":[{"file1":"00000_00001/pa.java","file2":"00186_00002/Sociologia.java","start1":20,"end1":25,"start2":117,"end2":123,"tokens":14,"file1Tokens":14,"file2Tokens":14},{"file1":"00000_00001/pa.java","file2":"00186_00002/Sociologia.java","start1":64,"end1":68,"start2":108,"end2":113,"tokens":11,"file1Tokens":11,"file2Tokens":11},{"file1":"00000_00001/pa.java","file2":"00186_00002/Sociologia.java","start1":33,"end1":38,"start2":86,"end2":93,"tokens":10,"file1Tokens":10,"file2Tokens":10},{"file1":"00000_00001/pa.java","file2":"00186_00002/Sociologia.java","start1":54,"end1":59,"start2":137,"end2":144,"tokens":10,"file1Tokens":10,"file2Tokens":10}]}