{"id1":"00013_00002","id2":"00113_00002","similarities":{"AVG":0.20666666666666667,"MAX":0.23308270676691728},"matches":[{"file1":"00013_00002/socio.java","file2":"00113_00002/sociologia.java","start1":1,"end1":12,"start2":1,"end2":12,"tokens":11,"file1Tokens":11,"file2Tokens":11},{"file1":"00013_00002/socio.java","file2":"00113_00002/sociologia.java","start1":20,"end1":24,"start2":90,"end2":97,"tokens":10,"file1Tokens":10,"file2Tokens":10},{"file1":"00013_00002/socio.java","file2":"00113_00002/sociologia.java","start1":40,"end1":44,"start2":130,"end2":134,"tokens":10,"file1Tokens":10,"file2Tokens":10}]}