{"id1":"00014_00001","id2":"00177_00003","similarities":{"AVG":0.27672955974842767,"MAX":0.29333333333333333},"matches":[{"file1":"00014_00001/Sociologia.java","file2":"00177_00003/Sociologia.java","start1":98,"end1":117,"start2":120,"end2":133,"tokens":19,"file1Tokens":19,"file2Tokens":19},{"file1":"00014_00001/Sociologia.java","file2":"00177_00003/Sociologia.java","start1":122,"end1":132,"start2":42,"end2":50,"tokens":16,"file1Tokens":16,"file2Tokens":16},{"file1":"00014_00001/Sociologia.java","file2":"00177_00003/Sociologia.java","start1":4,"end1":12,"start2":5,"end2":13,"tokens":9,"file1Tokens":9,"file2Tokens":9}]}