{"id1":"00013_00002","id2":"00133_00001","similarities":{"AVG":0.2059800664451827,"MAX":0.23308270676691728},"matches":[{"file1":"00013_00002/socio.java","file2":"00133_00001/Sociologia.java","start1":1,"end1":12,"start2":3,"end2":14,"tokens":11,"file1Tokens":11,"file2Tokens":11},{"file1":"00013_00002/socio.java","file2":"00133_00001/Sociologia.java","start1":20,"end1":24,"start2":86,"end2":93,"tokens":10,"file1Tokens":10,"file2Tokens":10},{"file1":"00013_00002/socio.java","file2":"00133_00001/Sociologia.java","start1":40,"end1":44,"start2":122,"end2":126,"tokens":10,"file1Tokens":10,"file2Tokens":10}]}