{"id1":"00013_00002","id2":"00154_00002","similarities":{"AVG":0.20202020202020202,"MAX":0.22556390977443608},"matches":[{"file1":"00013_00002/socio.java","file2":"00154_00002/Sociologia.java","start1":3,"end1":12,"start2":23,"end2":32,"tokens":10,"file1Tokens":10,"file2Tokens":10},{"file1":"00013_00002/socio.java","file2":"00154_00002/Sociologia.java","start1":20,"end1":24,"start2":102,"end2":109,"tokens":10,"file1Tokens":10,"file2Tokens":10},{"file1":"00013_00002/socio.java","file2":"00154_00002/Sociologia.java","start1":40,"end1":44,"start2":5,"end2":9,"tokens":10,"file1Tokens":10,"file2Tokens":10}]}