{"id1":"00014_00001","id2":"00120_00001","similarities":{"AVG":0.31864406779661014,"MAX":0.32413793103448274},"matches":[{"file1":"00014_00001/Sociologia.java","file2":"00120_00001/Sociologia.java","start1":120,"end1":134,"start2":74,"end2":85,"tokens":19,"file1Tokens":19,"file2Tokens":19},{"file1":"00014_00001/Sociologia.java","file2":"00120_00001/Sociologia.java","start1":99,"end1":113,"start2":53,"end2":62,"tokens":10,"file1Tokens":10,"file2Tokens":10},{"file1":"00014_00001/Sociologia.java","file2":"00120_00001/Sociologia.java","start1":18,"end1":26,"start2":3,"end2":12,"tokens":9,"file1Tokens":9,"file2Tokens":9},{"file1":"00014_00001/Sociologia.java","file2":"00120_00001/Sociologia.java","start1":35,"end1":40,"start2":31,"end2":37,"tokens":9,"file1Tokens":9,"file2Tokens":9}]}