{"id1":"00013_00002","id2":"00137_00002","similarities":{"AVG":0.2059800664451827,"MAX":0.23308270676691728},"matches":[{"file1":"00013_00002/socio.java","file2":"00137_00002/sociologia.java","start1":1,"end1":12,"start2":2,"end2":13,"tokens":11,"file1Tokens":11,"file2Tokens":11},{"file1":"00013_00002/socio.java","file2":"00137_00002/sociologia.java","start1":20,"end1":24,"start2":85,"end2":92,"tokens":10,"file1Tokens":10,"file2Tokens":10},{"file1":"00013_00002/socio.java","file2":"00137_00002/sociologia.java","start1":40,"end1":44,"start2":121,"end2":125,"tokens":10,"file1Tokens":10,"file2Tokens":10}]}