{"id1":"00013_00002","id2":"00121_00001","similarities":{"AVG":0.2085889570552147,"MAX":0.2556390977443609},"matches":[{"file1":"00013_00002/socio.java","file2":"00121_00001/Sociologia.java","start1":1,"end1":13,"start2":2,"end2":14,"tokens":12,"file1Tokens":12,"file2Tokens":12},{"file1":"00013_00002/socio.java","file2":"00121_00001/Sociologia.java","start1":20,"end1":24,"start2":90,"end2":99,"tokens":12,"file1Tokens":12,"file2Tokens":12},{"file1":"00013_00002/socio.java","file2":"00121_00001/Sociologia.java","start1":40,"end1":44,"start2":143,"end2":151,"tokens":10,"file1Tokens":10,"file2Tokens":10}]}