{"id1":"00031_00003","id2":"00187_00001","similarities":{"AVG":0.2845528455284553,"MAX":0.30701754385964913},"matches":[{"file1":"00031_00003/Sociologia.java","file2":"00187_00001/Sociologia.java","start1":21,"end1":27,"start2":86,"end2":93,"tokens":14,"file1Tokens":14,"file2Tokens":14},{"file1":"00031_00003/Sociologia.java","file2":"00187_00001/Sociologia.java","start1":70,"end1":75,"start2":115,"end2":124,"tokens":11,"file1Tokens":11,"file2Tokens":11},{"file1":"00031_00003/Sociologia.java","file2":"00187_00001/Sociologia.java","start1":47,"end1":53,"start2":145,"end2":153,"tokens":10,"file1Tokens":10,"file2Tokens":10}]}