{"id1":"00031_00003","id2":"00192_00001","similarities":{"AVG":0.2527881040892193,"MAX":0.2982456140350877},"matches":[{"file1":"00031_00003/Sociologia.java","file2":"00192_00001/main.java","start1":21,"end1":27,"start2":120,"end2":126,"tokens":14,"file1Tokens":14,"file2Tokens":14},{"file1":"00031_00003/Sociologia.java","file2":"00192_00001/main.java","start1":70,"end1":75,"start2":169,"end2":177,"tokens":11,"file1Tokens":11,"file2Tokens":11},{"file1":"00031_00003/Sociologia.java","file2":"00192_00001/main.java","start1":47,"end1":53,"start2":113,"end2":119,"tokens":9,"file1Tokens":9,"file2Tokens":9}]}