{"id1":"00031_00002","id2":"00156_00003","similarities":{"AVG":0.2582781456953642,"MAX":0.31451612903225806},"matches":[{"file1":"00031_00002/Sociologia.java","file2":"00156_00003/Sociologia.java","start1":4,"end1":20,"start2":40,"end2":51,"tokens":18,"file1Tokens":18,"file2Tokens":18},{"file1":"00031_00002/Sociologia.java","file2":"00156_00003/Sociologia.java","start1":21,"end1":28,"start2":53,"end2":58,"tokens":12,"file1Tokens":12,"file2Tokens":12},{"file1":"00031_00002/Sociologia.java","file2":"00156_00003/Sociologia.java","start1":63,"end1":67,"start2":118,"end2":126,"tokens":9,"file1Tokens":9,"file2Tokens":9}]}