{"id1":"00031_00003","id2":"00197_00001","similarities":{"AVG":0.2845528455284553,"MAX":0.30701754385964913},"matches":[{"file1":"00031_00003/Sociologia.java","file2":"00197_00001/Sociologia.java","start1":21,"end1":27,"start2":84,"end2":91,"tokens":14,"file1Tokens":14,"file2Tokens":14},{"file1":"00031_00003/Sociologia.java","file2":"00197_00001/Sociologia.java","start1":70,"end1":75,"start2":113,"end2":122,"tokens":11,"file1Tokens":11,"file2Tokens":11},{"file1":"00031_00003/Sociologia.java","file2":"00197_00001/Sociologia.java","start1":47,"end1":53,"start2":143,"end2":151,"tokens":10,"file1Tokens":10,"file2Tokens":10}]}