{"id1":"00031_00003","id2":"00192_00002","similarities":{"AVG":0.3183673469387755,"MAX":0.34210526315789475},"matches":[{"file1":"00031_00003/Sociologia.java","file2":"00192_00002/main.java","start1":21,"end1":27,"start2":126,"end2":134,"tokens":16,"file1Tokens":16,"file2Tokens":16},{"file1":"00031_00003/Sociologia.java","file2":"00192_00002/main.java","start1":47,"end1":54,"start2":110,"end2":119,"tokens":12,"file1Tokens":12,"file2Tokens":12},{"file1":"00031_00003/Sociologia.java","file2":"00192_00002/main.java","start1":70,"end1":75,"start2":152,"end2":160,"tokens":11,"file1Tokens":11,"file2Tokens":11}]}