{"id1":"00031_00003","id2":"00121_00001","similarities":{"AVG":0.2671009771986971,"MAX":0.35964912280701755},"matches":[{"file1":"00031_00003/Sociologia.java","file2":"00121_00001/Sociologia.java","start1":22,"end1":27,"start2":155,"end2":160,"tokens":13,"file1Tokens":13,"file2Tokens":13},{"file1":"00031_00003/Sociologia.java","file2":"00121_00001/Sociologia.java","start1":52,"end1":56,"start2":143,"end2":151,"tokens":10,"file1Tokens":10,"file2Tokens":10},{"file1":"00031_00003/Sociologia.java","file2":"00121_00001/Sociologia.java","start1":4,"end1":13,"start2":22,"end2":30,"tokens":9,"file1Tokens":9,"file2Tokens":9},{"file1":"00031_00003/Sociologia.java","file2":"00121_00001/Sociologia.java","start1":69,"end1":72,"start2":128,"end2":133,"tokens":9,"file1Tokens":9,"file2Tokens":9}]}