{"id1":"00031_00003","id2":"00202_00003","similarities":{"AVG":0.25882352941176473,"MAX":0.2894736842105263},"matches":[{"file1":"00031_00003/Sociologia.java","file2":"00202_00003/soc.java","start1":70,"end1":76,"start2":117,"end2":124,"tokens":12,"file1Tokens":12,"file2Tokens":12},{"file1":"00031_00003/Sociologia.java","file2":"00202_00003/soc.java","start1":21,"end1":25,"start2":92,"end2":97,"tokens":11,"file1Tokens":11,"file2Tokens":11},{"file1":"00031_00003/Sociologia.java","file2":"00202_00003/soc.java","start1":52,"end1":56,"start2":79,"end2":84,"tokens":10,"file1Tokens":10,"file2Tokens":10}]}