{"id1":"00031_00002","id2":"00156_00002","similarities":{"AVG":0.2582781456953642,"MAX":0.31451612903225806},"matches":[{"file1":"00031_00002/Sociologia.java","file2":"00156_00002/Sociologia.java","start1":4,"end1":20,"start2":50,"end2":64,"tokens":18,"file1Tokens":18,"file2Tokens":18},{"file1":"00031_00002/Sociologia.java","file2":"00156_00002/Sociologia.java","start1":21,"end1":28,"start2":66,"end2":72,"tokens":12,"file1Tokens":12,"file2Tokens":12},{"file1":"00031_00002/Sociologia.java","file2":"00156_00002/Sociologia.java","start1":63,"end1":67,"start2":141,"end2":149,"tokens":9,"file1Tokens":9,"file2Tokens":9}]}