{"id1":"00031_00003","id2":"00202_00002","similarities":{"AVG":0.25098039215686274,"MAX":0.2807017543859649},"matches":[{"file1":"00031_00003/Sociologia.java","file2":"00202_00002/sociologia.java","start1":21,"end1":25,"start2":92,"end2":97,"tokens":11,"file1Tokens":11,"file2Tokens":11},{"file1":"00031_00003/Sociologia.java","file2":"00202_00002/sociologia.java","start1":70,"end1":76,"start2":119,"end2":127,"tokens":11,"file1Tokens":11,"file2Tokens":11},{"file1":"00031_00003/Sociologia.java","file2":"00202_00002/sociologia.java","start1":52,"end1":56,"start2":79,"end2":85,"tokens":10,"file1Tokens":10,"file2Tokens":10}]}