{"id1":"00044_00002","id2":"00192_00002","similarities":{"AVG":0.3895131086142322,"MAX":0.3969465648854962},"matches":[{"file1":"00044_00002/Sociologia.java","file2":"00192_00002/main.java","start1":90,"end1":99,"start2":126,"end2":136,"tokens":17,"file1Tokens":17,"file2Tokens":17},{"file1":"00044_00002/Sociologia.java","file2":"00192_00002/main.java","start1":109,"end1":118,"start2":149,"end2":160,"tokens":13,"file1Tokens":13,"file2Tokens":13},{"file1":"00044_00002/Sociologia.java","file2":"00192_00002/main.java","start1":57,"end1":67,"start2":96,"end2":104,"tokens":12,"file1Tokens":12,"file2Tokens":12},{"file1":"00044_00002/Sociologia.java","file2":"00192_00002/main.java","start1":71,"end1":78,"start2":107,"end2":113,"tokens":10,"file1Tokens":10,"file2Tokens":10}]}