{"id1":"00044_00002","id2":"00193_00001","similarities":{"AVG":0.2857142857142857,"MAX":0.3161764705882353},"matches":[{"file1":"00044_00002/Sociologia.java","file2":"00193_00001/sociologo.java","start1":87,"end1":92,"start2":97,"end2":105,"tokens":14,"file1Tokens":14,"file2Tokens":14},{"file1":"00044_00002/Sociologia.java","file2":"00193_00001/sociologo.java","start1":93,"end1":99,"start2":108,"end2":117,"tokens":11,"file1Tokens":11,"file2Tokens":11},{"file1":"00044_00002/Sociologia.java","file2":"00193_00001/sociologo.java","start1":71,"end1":75,"start2":28,"end2":33,"tokens":9,"file1Tokens":9,"file2Tokens":9},{"file1":"00044_00002/Sociologia.java","file2":"00193_00001/sociologo.java","start1":111,"end1":117,"start2":80,"end2":88,"tokens":9,"file1Tokens":9,"file2Tokens":9}]}