{"id1":"00044_00002","id2":"00192_00001","similarities":{"AVG":0.3642611683848797,"MAX":0.3897058823529412},"matches":[{"file1":"00044_00002/Sociologia.java","file2":"00192_00001/main.java","start1":108,"end1":118,"start2":166,"end2":177,"tokens":16,"file1Tokens":16,"file2Tokens":16},{"file1":"00044_00002/Sociologia.java","file2":"00192_00001/main.java","start1":90,"end1":96,"start2":120,"end2":126,"tokens":15,"file1Tokens":15,"file2Tokens":15},{"file1":"00044_00002/Sociologia.java","file2":"00192_00001/main.java","start1":57,"end1":67,"start2":98,"end2":107,"tokens":12,"file1Tokens":12,"file2Tokens":12},{"file1":"00044_00002/Sociologia.java","file2":"00192_00001/main.java","start1":71,"end1":78,"start2":110,"end2":116,"tokens":10,"file1Tokens":10,"file2Tokens":10}]}