{"id1":"00044_00002","id2":"00121_00001","similarities":{"AVG":0.2006079027355623,"MAX":0.2426470588235294},"matches":[{"file1":"00044_00002/Sociologia.java","file2":"00121_00001/Sociologia.java","start1":91,"end1":96,"start2":155,"end2":160,"tokens":13,"file1Tokens":13,"file2Tokens":13},{"file1":"00044_00002/Sociologia.java","file2":"00121_00001/Sociologia.java","start1":85,"end1":89,"start2":144,"end2":153,"tokens":11,"file1Tokens":11,"file2Tokens":11},{"file1":"00044_00002/Sociologia.java","file2":"00121_00001/Sociologia.java","start1":72,"end1":78,"start2":104,"end2":110,"tokens":9,"file1Tokens":9,"file2Tokens":9}]}