{"id1":"00044_00002","id2":"00202_00002","similarities":{"AVG":0.3898916967509025,"MAX":0.39705882352941174},"matches":[{"file1":"00044_00002/Sociologia.java","file2":"00202_00002/sociologia.java","start1":57,"end1":67,"start2":158,"end2":169,"tokens":12,"file1Tokens":12,"file2Tokens":12},{"file1":"00044_00002/Sociologia.java","file2":"00202_00002/sociologia.java","start1":90,"end1":94,"start2":92,"end2":97,"tokens":12,"file1Tokens":12,"file2Tokens":12},{"file1":"00044_00002/Sociologia.java","file2":"00202_00002/sociologia.java","start1":111,"end1":118,"start2":119,"end2":127,"tokens":11,"file1Tokens":11,"file2Tokens":11},{"file1":"00044_00002/Sociologia.java","file2":"00202_00002/sociologia.java","start1":71,"end1":78,"start2":173,"end2":182,"tokens":10,"file1Tokens":10,"file2Tokens":10},{"file1":"00044_00002/Sociologia.java","file2":"00202_00002/sociologia.java","start1":85,"end1":88,"start2":80,"end2":85,"tokens":9,"file1Tokens":9,"file2Tokens":9}]}