{"id1":"00044_00002","id2":"00202_00003","similarities":{"AVG":0.4548736462093863,"MAX":0.4632352941176471},"matches":[{"file1":"00044_00002/Sociologia.java","file2":"00202_00003/soc.java","start1":104,"end1":118,"start2":109,"end2":124,"tokens":20,"file1Tokens":20,"file2Tokens":20},{"file1":"00044_00002/Sociologia.java","file2":"00202_00003/soc.java","start1":57,"end1":67,"start2":155,"end2":165,"tokens":12,"file1Tokens":12,"file2Tokens":12},{"file1":"00044_00002/Sociologia.java","file2":"00202_00003/soc.java","start1":90,"end1":94,"start2":92,"end2":97,"tokens":12,"file1Tokens":12,"file2Tokens":12},{"file1":"00044_00002/Sociologia.java","file2":"00202_00003/soc.java","start1":71,"end1":78,"start2":169,"end2":177,"tokens":10,"file1Tokens":10,"file2Tokens":10},{"file1":"00044_00002/Sociologia.java","file2":"00202_00003/soc.java","start1":85,"end1":88,"start2":80,"end2":84,"tokens":9,"file1Tokens":9,"file2Tokens":9}]}