{"id1":"00044_00002","id2":"00186_00004","similarities":{"AVG":0.4142857142857143,"MAX":0.4264705882352941},"matches":[{"file1":"00044_00002/Sociologia.java","file2":"00186_00004/sociologia.java","start1":54,"end1":68,"start2":45,"end2":59,"tokens":18,"file1Tokens":18,"file2Tokens":18},{"file1":"00044_00002/Sociologia.java","file2":"00186_00004/sociologia.java","start1":90,"end1":99,"start2":110,"end2":120,"tokens":17,"file1Tokens":17,"file2Tokens":17},{"file1":"00044_00002/Sociologia.java","file2":"00186_00004/sociologia.java","start1":109,"end1":117,"start2":64,"end2":73,"tokens":12,"file1Tokens":12,"file2Tokens":12},{"file1":"00044_00002/Sociologia.java","file2":"00186_00004/sociologia.java","start1":71,"end1":78,"start2":80,"end2":87,"tokens":11,"file1Tokens":11,"file2Tokens":11}]}