{"id1":"00044_00002","id2":"00136_00002","similarities":{"AVG":0.21971830985915494,"MAX":0.2867647058823529},"matches":[{"file1":"00044_00002/Sociologia.java","file2":"00136_00002/Sociologia.java","start1":55,"end1":63,"start2":39,"end2":45,"tokens":11,"file1Tokens":11,"file2Tokens":11},{"file1":"00044_00002/Sociologia.java","file2":"00136_00002/Sociologia.java","start1":91,"end1":94,"start2":115,"end2":118,"tokens":10,"file1Tokens":10,"file2Tokens":10},{"file1":"00044_00002/Sociologia.java","file2":"00136_00002/Sociologia.java","start1":71,"end1":75,"start2":53,"end2":59,"tokens":9,"file1Tokens":9,"file2Tokens":9},{"file1":"00044_00002/Sociologia.java","file2":"00136_00002/Sociologia.java","start1":84,"end1":87,"start2":108,"end2":111,"tokens":9,"file1Tokens":9,"file2Tokens":9}]}