{"id1":"00044_00002","id2":"00197_00001","similarities":{"AVG":0.41044776119402987,"MAX":0.4166666666666667},"matches":[{"file1":"00044_00002/Sociologia.java","file2":"00197_00001/Sociologia.java","start1":105,"end1":118,"start2":109,"end2":122,"tokens":18,"file1Tokens":18,"file2Tokens":18},{"file1":"00044_00002/Sociologia.java","file2":"00197_00001/Sociologia.java","start1":90,"end1":96,"start2":84,"end2":91,"tokens":15,"file1Tokens":15,"file2Tokens":15},{"file1":"00044_00002/Sociologia.java","file2":"00197_00001/Sociologia.java","start1":57,"end1":67,"start2":127,"end2":137,"tokens":12,"file1Tokens":12,"file2Tokens":12},{"file1":"00044_00002/Sociologia.java","file2":"00197_00001/Sociologia.java","start1":71,"end1":78,"start2":140,"end2":148,"tokens":10,"file1Tokens":10,"file2Tokens":10}]}