{"id1":"00044_00002","id2":"00203_00002","similarities":{"AVG":0.2775800711743772,"MAX":0.2867647058823529},"matches":[{"file1":"00044_00002/Sociologia.java","file2":"00203_00002/sociologia.java","start1":90,"end1":96,"start2":86,"end2":94,"tokens":15,"file1Tokens":15,"file2Tokens":15},{"file1":"00044_00002/Sociologia.java","file2":"00203_00002/sociologia.java","start1":108,"end1":117,"start2":110,"end2":119,"tokens":15,"file1Tokens":15,"file2Tokens":15},{"file1":"00044_00002/Sociologia.java","file2":"00203_00002/sociologia.java","start1":59,"end1":67,"start2":125,"end2":130,"tokens":9,"file1Tokens":9,"file2Tokens":9}]}