{"id1":"00077_00001","id2":"00202_00002","similarities":{"AVG":0.24848484848484848,"MAX":0.2907801418439716},"matches":[{"file1":"00077_00001/Social.java","file2":"00202_00002/sociologia.java","start1":78,"end1":82,"start2":94,"end2":98,"tokens":12,"file1Tokens":12,"file2Tokens":12},{"file1":"00077_00001/Social.java","file2":"00202_00002/sociologia.java","start1":19,"end1":22,"start2":144,"end2":150,"tokens":11,"file1Tokens":11,"file2Tokens":11},{"file1":"00077_00001/Social.java","file2":"00202_00002/sociologia.java","start1":41,"end1":45,"start2":134,"end2":142,"tokens":9,"file1Tokens":9,"file2Tokens":9},{"file1":"00077_00001/Social.java","file2":"00202_00002/sociologia.java","start1":63,"end1":68,"start2":79,"end2":84,"tokens":9,"file1Tokens":9,"file2Tokens":9}]}