{"id1":"00113_00002","id2":"00198_00001","similarities":{"AVG":0.20273972602739726,"MAX":0.2215568862275449},"matches":[{"file1":"00113_00002/sociologia.java","file2":"00198_00001/Sociologia.java","start1":129,"end1":133,"start2":3,"end2":8,"tokens":10,"file1Tokens":10,"file2Tokens":10},{"file1":"00113_00002/sociologia.java","file2":"00198_00001/Sociologia.java","start1":4,"end1":12,"start2":137,"end2":145,"tokens":9,"file1Tokens":9,"file2Tokens":9},{"file1":"00113_00002/sociologia.java","file2":"00198_00001/Sociologia.java","start1":43,"end1":47,"start2":26,"end2":30,"tokens":9,"file1Tokens":9,"file2Tokens":9},{"file1":"00113_00002/sociologia.java","file2":"00198_00001/Sociologia.java","start1":90,"end1":95,"start2":59,"end2":64,"tokens":9,"file1Tokens":9,"file2Tokens":9}]}