{"id1":"00119_00001","id2":"00145_00001","similarities":{"AVG":0.27672955974842767,"MAX":0.29333333333333333},"matches":[{"file1":"00119_00001/Sociologia.java","file2":"00145_00001/Sociologia.java","start1":98,"end1":117,"start2":117,"end2":128,"tokens":19,"file1Tokens":19,"file2Tokens":19},{"file1":"00119_00001/Sociologia.java","file2":"00145_00001/Sociologia.java","start1":122,"end1":132,"start2":44,"end2":52,"tokens":16,"file1Tokens":16,"file2Tokens":16},{"file1":"00119_00001/Sociologia.java","file2":"00145_00001/Sociologia.java","start1":4,"end1":12,"start2":7,"end2":15,"tokens":9,"file1Tokens":9,"file2Tokens":9}]}