{"id1":"00119_00001","id2":"00195_00002","similarities":{"AVG":0.3102310231023102,"MAX":0.31333333333333335},"matches":[{"file1":"00119_00001/Sociologia.java","file2":"00195_00002/Sociologia.java","start1":120,"end1":134,"start2":77,"end2":90,"tokens":19,"file1Tokens":19,"file2Tokens":19},{"file1":"00119_00001/Sociologia.java","file2":"00195_00002/Sociologia.java","start1":99,"end1":113,"start2":54,"end2":63,"tokens":10,"file1Tokens":10,"file2Tokens":10},{"file1":"00119_00001/Sociologia.java","file2":"00195_00002/Sociologia.java","start1":18,"end1":26,"start2":4,"end2":13,"tokens":9,"file1Tokens":9,"file2Tokens":9},{"file1":"00119_00001/Sociologia.java","file2":"00195_00002/Sociologia.java","start1":35,"end1":40,"start2":32,"end2":38,"tokens":9,"file1Tokens":9,"file2Tokens":9}]}