{"id1":"00113_00002","id2":"00121_00001","similarities":{"AVG":0.75,"MAX":0.8083832335329342},"matches":[{"file1":"00113_00002/sociologia.java","file2":"00121_00001/Sociologia.java","start1":67,"end1":97,"start2":63,"end2":98,"tokens":35,"file1Tokens":35,"file2Tokens":35},{"file1":"00113_00002/sociologia.java","file2":"00121_00001/Sociologia.java","start1":120,"end1":136,"start2":130,"end2":154,"tokens":25,"file1Tokens":25,"file2Tokens":25},{"file1":"00113_00002/sociologia.java","file2":"00121_00001/Sociologia.java","start1":33,"end1":43,"start2":34,"end2":44,"tokens":15,"file1Tokens":15,"file2Tokens":15},{"file1":"00113_00002/sociologia.java","file2":"00121_00001/Sociologia.java","start1":54,"end1":65,"start2":47,"end2":58,"tokens":14,"file1Tokens":14,"file2Tokens":14},{"file1":"00113_00002/sociologia.java","file2":"00121_00001/Sociologia.java","start1":45,"end1":50,"start2":155,"end2":160,"tokens":13,"file1Tokens":13,"file2Tokens":13},{"file1":"00113_00002/sociologia.java","file2":"00121_00001/Sociologia.java","start1":98,"end1":107,"start2":114,"end2":125,"tokens":13,"file1Tokens":13,"file2Tokens":13},{"file1":"00113_00002/sociologia.java","file2":"00121_00001/Sociologia.java","start1":1,"end1":12,"start2":2,"end2":13,"tokens":11,"file1Tokens":11,"file2Tokens":11},{"file1":"00113_00002/sociologia.java","file2":"00121_00001/Sociologia.java","start1":14,"end1":23,"start2":15,"end2":24,"tokens":9,"file1Tokens":9,"file2Tokens":9}]}