{"id1":"00127_00002","id2":"00198_00001","similarities":{"AVG":0.20218579234972678,"MAX":0.22023809523809523},"matches":[{"file1":"00127_00002/NegElec_oje.java","file2":"00198_00001/Sociologia.java","start1":121,"end1":125,"start2":3,"end2":8,"tokens":10,"file1Tokens":10,"file2Tokens":10},{"file1":"00127_00002/NegElec_oje.java","file2":"00198_00001/Sociologia.java","start1":6,"end1":14,"start2":137,"end2":145,"tokens":9,"file1Tokens":9,"file2Tokens":9},{"file1":"00127_00002/NegElec_oje.java","file2":"00198_00001/Sociologia.java","start1":41,"end1":45,"start2":26,"end2":30,"tokens":9,"file1Tokens":9,"file2Tokens":9},{"file1":"00127_00002/NegElec_oje.java","file2":"00198_00001/Sociologia.java","start1":86,"end1":91,"start2":59,"end2":64,"tokens":9,"file1Tokens":9,"file2Tokens":9}]}