{"id1":"00120_00001","id2":"00113_00002","similarities":{"AVG":0.23076923076923078,"MAX":0.2482758620689655},"matches":[{"file1":"00120_00001/Sociologia.java","file2":"00113_00002/sociologia.java","start1":75,"end1":83,"start2":45,"end2":53,"tokens":16,"file1Tokens":16,"file2Tokens":16},{"file1":"00120_00001/Sociologia.java","file2":"00113_00002/sociologia.java","start1":1,"end1":12,"start2":1,"end2":11,"tokens":10,"file1Tokens":10,"file2Tokens":10},{"file1":"00120_00001/Sociologia.java","file2":"00113_00002/sociologia.java","start1":53,"end1":62,"start2":124,"end2":132,"tokens":10,"file1Tokens":10,"file2Tokens":10}]}