{"id1":"00121_00001","id2":"00135_00001","similarities":{"AVG":0.21220159151193635,"MAX":0.21739130434782608},"matches":[{"file1":"00121_00001/Sociologia.java","file2":"00135_00001/Sociologia.java","start1":135,"end1":154,"start2":136,"end2":147,"tokens":18,"file1Tokens":18,"file2Tokens":18},{"file1":"00121_00001/Sociologia.java","file2":"00135_00001/Sociologia.java","start1":47,"end1":56,"start2":81,"end2":88,"tokens":12,"file1Tokens":12,"file2Tokens":12},{"file1":"00121_00001/Sociologia.java","file2":"00135_00001/Sociologia.java","start1":22,"end1":31,"start2":3,"end2":13,"tokens":10,"file1Tokens":10,"file2Tokens":10}]}