{"id1":"00121_00001","id2":"00198_00001","similarities":{"AVG":0.20460358056265984,"MAX":0.20725388601036268},"matches":[{"file1":"00121_00001/Sociologia.java","file2":"00198_00001/Sociologia.java","start1":5,"end1":15,"start2":137,"end2":147,"tokens":12,"file1Tokens":12,"file2Tokens":12},{"file1":"00121_00001/Sociologia.java","file2":"00198_00001/Sociologia.java","start1":142,"end1":149,"start2":3,"end2":8,"tokens":10,"file1Tokens":10,"file2Tokens":10},{"file1":"00121_00001/Sociologia.java","file2":"00198_00001/Sociologia.java","start1":90,"end1":95,"start2":59,"end2":64,"tokens":9,"file1Tokens":9,"file2Tokens":9},{"file1":"00121_00001/Sociologia.java","file2":"00198_00001/Sociologia.java","start1":124,"end1":129,"start2":25,"end2":28,"tokens":9,"file1Tokens":9,"file2Tokens":9}]}