{"id1":"00126_00002","id2":"00177_00003","similarities":{"AVG":0.23003194888178913,"MAX":0.2482758620689655},"matches":[{"file1":"00126_00002/Sociologia.java","file2":"00177_00003/Sociologia.java","start1":75,"end1":83,"start2":42,"end2":50,"tokens":16,"file1Tokens":16,"file2Tokens":16},{"file1":"00126_00002/Sociologia.java","file2":"00177_00003/Sociologia.java","start1":1,"end1":12,"start2":2,"end2":12,"tokens":10,"file1Tokens":10,"file2Tokens":10},{"file1":"00126_00002/Sociologia.java","file2":"00177_00003/Sociologia.java","start1":53,"end1":62,"start2":121,"end2":130,"tokens":10,"file1Tokens":10,"file2Tokens":10}]}