{"id1":"00126_00002","id2":"00121_00001","similarities":{"AVG":0.1952662721893491,"MAX":0.22758620689655173},"matches":[{"file1":"00126_00002/Sociologia.java","file2":"00121_00001/Sociologia.java","start1":75,"end1":80,"start2":155,"end2":160,"tokens":13,"file1Tokens":13,"file2Tokens":13},{"file1":"00126_00002/Sociologia.java","file2":"00121_00001/Sociologia.java","start1":1,"end1":12,"start2":2,"end2":12,"tokens":10,"file1Tokens":10,"file2Tokens":10},{"file1":"00126_00002/Sociologia.java","file2":"00121_00001/Sociologia.java","start1":53,"end1":62,"start2":134,"end2":147,"tokens":10,"file1Tokens":10,"file2Tokens":10}]}