{"id1":"00125_00001","id2":"00198_00001","similarities":{"AVG":0.20218579234972678,"MAX":0.22023809523809523},"matches":[{"file1":"00125_00001/t.java","file2":"00198_00001/Sociologia.java","start1":120,"end1":124,"start2":3,"end2":8,"tokens":10,"file1Tokens":10,"file2Tokens":10},{"file1":"00125_00001/t.java","file2":"00198_00001/Sociologia.java","start1":5,"end1":13,"start2":137,"end2":145,"tokens":9,"file1Tokens":9,"file2Tokens":9},{"file1":"00125_00001/t.java","file2":"00198_00001/Sociologia.java","start1":40,"end1":44,"start2":26,"end2":30,"tokens":9,"file1Tokens":9,"file2Tokens":9},{"file1":"00125_00001/t.java","file2":"00198_00001/Sociologia.java","start1":85,"end1":90,"start2":59,"end2":64,"tokens":9,"file1Tokens":9,"file2Tokens":9}]}