{"id1":"00126_00002","id2":"00153_00001","similarities":{"AVG":0.23003194888178913,"MAX":0.2482758620689655},"matches":[{"file1":"00126_00002/Sociologia.java","file2":"00153_00001/Sociologia.java","start1":75,"end1":83,"start2":43,"end2":51,"tokens":16,"file1Tokens":16,"file2Tokens":16},{"file1":"00126_00002/Sociologia.java","file2":"00153_00001/Sociologia.java","start1":1,"end1":12,"start2":3,"end2":13,"tokens":10,"file1Tokens":10,"file2Tokens":10},{"file1":"00126_00002/Sociologia.java","file2":"00153_00001/Sociologia.java","start1":53,"end1":62,"start2":117,"end2":124,"tokens":10,"file1Tokens":10,"file2Tokens":10}]}