{"id1":"00137_00002","id2":"00121_00001","similarities":{"AVG":0.7534626038781164,"MAX":0.8095238095238095},"matches":[{"file1":"00137_00002/sociologia.java","file2":"00121_00001/Sociologia.java","start1":63,"end1":92,"start2":63,"end2":98,"tokens":35,"file1Tokens":35,"file2Tokens":35},{"file1":"00137_00002/sociologia.java","file2":"00121_00001/Sociologia.java","start1":114,"end1":127,"start2":130,"end2":154,"tokens":25,"file1Tokens":25,"file2Tokens":25},{"file1":"00137_00002/sociologia.java","file2":"00121_00001/Sociologia.java","start1":32,"end1":40,"start2":34,"end2":44,"tokens":15,"file1Tokens":15,"file2Tokens":15},{"file1":"00137_00002/sociologia.java","file2":"00121_00001/Sociologia.java","start1":51,"end1":61,"start2":47,"end2":58,"tokens":14,"file1Tokens":14,"file2Tokens":14},{"file1":"00137_00002/sociologia.java","file2":"00121_00001/Sociologia.java","start1":42,"end1":47,"start2":155,"end2":160,"tokens":13,"file1Tokens":13,"file2Tokens":13},{"file1":"00137_00002/sociologia.java","file2":"00121_00001/Sociologia.java","start1":93,"end1":101,"start2":114,"end2":125,"tokens":13,"file1Tokens":13,"file2Tokens":13},{"file1":"00137_00002/sociologia.java","file2":"00121_00001/Sociologia.java","start1":1,"end1":13,"start2":1,"end2":13,"tokens":12,"file1Tokens":12,"file2Tokens":12},{"file1":"00137_00002/sociologia.java","file2":"00121_00001/Sociologia.java","start1":15,"end1":22,"start2":15,"end2":24,"tokens":9,"file1Tokens":9,"file2Tokens":9}]}