{"id1":"00130_00002","id2":"00154_00002","similarities":{"AVG":0.45791245791245794,"MAX":0.5112781954887218},"matches":[{"file1":"00130_00002/soci.java","file2":"00154_00002/Sociologia.java","start1":40,"end1":62,"start2":55,"end2":77,"tokens":37,"file1Tokens":37,"file2Tokens":37},{"file1":"00130_00002/soci.java","file2":"00154_00002/Sociologia.java","start1":4,"end1":20,"start2":23,"end2":36,"tokens":16,"file1Tokens":16,"file2Tokens":16},{"file1":"00130_00002/soci.java","file2":"00154_00002/Sociologia.java","start1":77,"end1":88,"start2":115,"end2":125,"tokens":15,"file1Tokens":15,"file2Tokens":15}]}