{"id1":"00134_00001","id2":"00186_00002","similarities":{"AVG":0.22525597269624573,"MAX":0.28205128205128205},"matches":[{"file1":"00134_00001/Sociologia.java","file2":"00186_00002/Sociologia.java","start1":37,"end1":45,"start2":117,"end2":125,"tokens":14,"file1Tokens":14,"file2Tokens":14},{"file1":"00134_00001/Sociologia.java","file2":"00186_00002/Sociologia.java","start1":31,"end1":35,"start2":27,"end2":31,"tokens":10,"file1Tokens":10,"file2Tokens":10},{"file1":"00134_00001/Sociologia.java","file2":"00186_00002/Sociologia.java","start1":26,"end1":30,"start2":110,"end2":114,"tokens":9,"file1Tokens":9,"file2Tokens":9}]}