{"id1":"00134_00001","id2":"00155_00001","similarities":{"AVG":0.7272727272727273,"MAX":0.7521367521367521},"matches":[{"file1":"00134_00001/Sociologia.java","file2":"00155_00001/Daa_sociologia.java","start1":53,"end1":93,"start2":34,"end2":78,"tokens":50,"file1Tokens":50,"file2Tokens":50},{"file1":"00134_00001/Sociologia.java","file2":"00155_00001/Daa_sociologia.java","start1":37,"end1":49,"start2":86,"end2":98,"tokens":18,"file1Tokens":18,"file2Tokens":18},{"file1":"00134_00001/Sociologia.java","file2":"00155_00001/Daa_sociologia.java","start1":25,"end1":30,"start2":80,"end2":84,"tokens":11,"file1Tokens":11,"file2Tokens":11},{"file1":"00134_00001/Sociologia.java","file2":"00155_00001/Daa_sociologia.java","start1":9,"end1":17,"start2":10,"end2":18,"tokens":9,"file1Tokens":9,"file2Tokens":9}]}