{"id1":"00134_00001","id2":"00141_00002","similarities":{"AVG":0.29213483146067415,"MAX":0.3333333333333333},"matches":[{"file1":"00134_00001/Sociologia.java","file2":"00141_00002/Sociologia.java","start1":37,"end1":47,"start2":125,"end2":137,"tokens":16,"file1Tokens":16,"file2Tokens":16},{"file1":"00134_00001/Sociologia.java","file2":"00141_00002/Sociologia.java","start1":57,"end1":65,"start2":35,"end2":44,"tokens":12,"file1Tokens":12,"file2Tokens":12},{"file1":"00134_00001/Sociologia.java","file2":"00141_00002/Sociologia.java","start1":25,"end1":30,"start2":113,"end2":119,"tokens":11,"file1Tokens":11,"file2Tokens":11}]}