{"id1":"00134_00001","id2":"00154_00002","similarities":{"AVG":0.24199288256227758,"MAX":0.2905982905982906},"matches":[{"file1":"00134_00001/Sociologia.java","file2":"00154_00002/Sociologia.java","start1":37,"end1":45,"start2":59,"end2":67,"tokens":14,"file1Tokens":14,"file2Tokens":14},{"file1":"00134_00001/Sociologia.java","file2":"00154_00002/Sociologia.java","start1":25,"end1":30,"start2":5,"end2":9,"tokens":11,"file1Tokens":11,"file2Tokens":11},{"file1":"00134_00001/Sociologia.java","file2":"00154_00002/Sociologia.java","start1":33,"end1":37,"start2":55,"end2":59,"tokens":9,"file1Tokens":9,"file2Tokens":9}]}