{"id1":"00130_00002","id2":"00186_00002","similarities":{"AVG":0.2459546925566343,"MAX":0.2857142857142857},"matches":[{"file1":"00130_00002/soci.java","file2":"00186_00002/Sociologia.java","start1":43,"end1":53,"start2":117,"end2":125,"tokens":16,"file1Tokens":16,"file2Tokens":16},{"file1":"00130_00002/soci.java","file2":"00186_00002/Sociologia.java","start1":84,"end1":98,"start2":72,"end2":82,"tokens":12,"file1Tokens":12,"file2Tokens":12},{"file1":"00130_00002/soci.java","file2":"00186_00002/Sociologia.java","start1":37,"end1":41,"start2":27,"end2":31,"tokens":10,"file1Tokens":10,"file2Tokens":10}]}