{"id1":"00130_00002","id2":"00121_00001","similarities":{"AVG":0.2822085889570552,"MAX":0.3458646616541353},"matches":[{"file1":"00130_00002/soci.java","file2":"00121_00001/Sociologia.java","start1":43,"end1":50,"start2":155,"end2":160,"tokens":13,"file1Tokens":13,"file2Tokens":13},{"file1":"00130_00002/soci.java","file2":"00121_00001/Sociologia.java","start1":54,"end1":62,"start2":47,"end2":57,"tokens":13,"file1Tokens":13,"file2Tokens":13},{"file1":"00130_00002/soci.java","file2":"00121_00001/Sociologia.java","start1":1,"end1":14,"start2":2,"end2":13,"tokens":11,"file1Tokens":11,"file2Tokens":11},{"file1":"00130_00002/soci.java","file2":"00121_00001/Sociologia.java","start1":28,"end1":35,"start2":23,"end2":31,"tokens":9,"file1Tokens":9,"file2Tokens":9}]}