{"id1":"00134_00001","id2":"00130_00002","similarities":{"AVG":0.4,"MAX":0.42735042735042733},"matches":[{"file1":"00134_00001/Sociologia.java","file2":"00130_00002/soci.java","start1":58,"end1":75,"start2":57,"end2":72,"tokens":22,"file1Tokens":22,"file2Tokens":22},{"file1":"00134_00001/Sociologia.java","file2":"00130_00002/soci.java","start1":30,"end1":37,"start2":36,"end2":43,"tokens":14,"file1Tokens":14,"file2Tokens":14},{"file1":"00134_00001/Sociologia.java","file2":"00130_00002/soci.java","start1":37,"end1":45,"start2":43,"end2":53,"tokens":14,"file1Tokens":14,"file2Tokens":14}]}