{"id1":"00130_00002","id2":"00127_00002","similarities":{"AVG":0.4053156146179402,"MAX":0.45864661654135336},"matches":[{"file1":"00130_00002/soci.java","file2":"00127_00002/NegElec_oje.java","start1":43,"end1":62,"start2":43,"end2":61,"tokens":29,"file1Tokens":29,"file2Tokens":29},{"file1":"00130_00002/soci.java","file2":"00127_00002/NegElec_oje.java","start1":1,"end1":20,"start2":3,"end2":18,"tokens":17,"file1Tokens":17,"file2Tokens":17},{"file1":"00130_00002/soci.java","file2":"00127_00002/NegElec_oje.java","start1":77,"end1":88,"start2":99,"end2":109,"tokens":15,"file1Tokens":15,"file2Tokens":15}]}