{"id1":"00134_00001","id2":"00044_00002","similarities":{"AVG":0.2608695652173913,"MAX":0.28205128205128205},"matches":[{"file1":"00134_00001/Sociologia.java","file2":"00044_00002/Sociologia.java","start1":37,"end1":45,"start2":91,"end2":99,"tokens":14,"file1Tokens":14,"file2Tokens":14},{"file1":"00134_00001/Sociologia.java","file2":"00044_00002/Sociologia.java","start1":31,"end1":35,"start2":28,"end2":32,"tokens":10,"file1Tokens":10,"file2Tokens":10},{"file1":"00134_00001/Sociologia.java","file2":"00044_00002/Sociologia.java","start1":26,"end1":30,"start2":85,"end2":88,"tokens":9,"file1Tokens":9,"file2Tokens":9}]}