{"id1":"00130_00002","id2":"00113_00002","similarities":{"AVG":0.4066666666666667,"MAX":0.45864661654135336},"matches":[{"file1":"00130_00002/soci.java","file2":"00113_00002/sociologia.java","start1":43,"end1":62,"start2":45,"end2":64,"tokens":29,"file1Tokens":29,"file2Tokens":29},{"file1":"00130_00002/soci.java","file2":"00113_00002/sociologia.java","start1":1,"end1":20,"start2":1,"end2":17,"tokens":17,"file1Tokens":17,"file2Tokens":17},{"file1":"00130_00002/soci.java","file2":"00113_00002/sociologia.java","start1":77,"end1":88,"start2":103,"end2":114,"tokens":15,"file1Tokens":15,"file2Tokens":15}]}