{"id1":"00140_00001","id2":"00186_00004","similarities":{"AVG":0.36101083032490977,"MAX":0.37593984962406013},"matches":[{"file1":"00140_00001/soci.java","file2":"00186_00004/sociologia.java","start1":43,"end1":54,"start2":112,"end2":121,"tokens":17,"file1Tokens":17,"file2Tokens":17},{"file1":"00140_00001/soci.java","file2":"00186_00004/sociologia.java","start1":21,"end1":34,"start2":10,"end2":20,"tokens":13,"file1Tokens":13,"file2Tokens":13},{"file1":"00140_00001/soci.java","file2":"00186_00004/sociologia.java","start1":56,"end1":62,"start2":40,"end2":46,"tokens":11,"file1Tokens":11,"file2Tokens":11},{"file1":"00140_00001/soci.java","file2":"00186_00004/sociologia.java","start1":84,"end1":92,"start2":82,"end2":90,"tokens":9,"file1Tokens":9,"file2Tokens":9}]}