{"id1":"00141_00002","id2":"00154_00002","similarities":{"AVG":0.2802547770700637,"MAX":0.29333333333333333},"matches":[{"file1":"00141_00002/Sociologia.java","file2":"00154_00002/Sociologia.java","start1":123,"end1":135,"start2":57,"end2":67,"tokens":19,"file1Tokens":19,"file2Tokens":19},{"file1":"00141_00002/Sociologia.java","file2":"00154_00002/Sociologia.java","start1":108,"end1":120,"start2":4,"end2":10,"tokens":14,"file1Tokens":14,"file2Tokens":14},{"file1":"00141_00002/Sociologia.java","file2":"00154_00002/Sociologia.java","start1":15,"end1":26,"start2":19,"end2":31,"tokens":11,"file1Tokens":11,"file2Tokens":11}]}