{"id1":"00140_00001","id2":"00194_00001","similarities":{"AVG":0.3462897526501767,"MAX":0.3684210526315789},"matches":[{"file1":"00140_00001/soci.java","file2":"00194_00001/Sociologia.java","start1":41,"end1":53,"start2":120,"end2":132,"tokens":19,"file1Tokens":19,"file2Tokens":19},{"file1":"00140_00001/soci.java","file2":"00194_00001/Sociologia.java","start1":26,"end1":35,"start2":4,"end2":12,"tokens":11,"file1Tokens":11,"file2Tokens":11},{"file1":"00140_00001/soci.java","file2":"00194_00001/Sociologia.java","start1":57,"end1":63,"start2":37,"end2":44,"tokens":10,"file1Tokens":10,"file2Tokens":10},{"file1":"00140_00001/soci.java","file2":"00194_00001/Sociologia.java","start1":4,"end1":13,"start2":19,"end2":27,"tokens":9,"file1Tokens":9,"file2Tokens":9}]}