{"id1":"00140_00001","id2":"00097_00002","similarities":{"AVG":0.2704626334519573,"MAX":0.2857142857142857},"matches":[{"file1":"00140_00001/soci.java","file2":"00097_00002/ProblemaF4.java","start1":54,"end1":63,"start2":64,"end2":75,"tokens":15,"file1Tokens":15,"file2Tokens":15},{"file1":"00140_00001/soci.java","file2":"00097_00002/ProblemaF4.java","start1":88,"end1":102,"start2":107,"end2":118,"tokens":14,"file1Tokens":14,"file2Tokens":14},{"file1":"00140_00001/soci.java","file2":"00097_00002/ProblemaF4.java","start1":27,"end1":34,"start2":27,"end2":36,"tokens":9,"file1Tokens":9,"file2Tokens":9}]}