{"id1":"00140_00001","id2":"00135_00001","similarities":{"AVG":0.23974763406940064,"MAX":0.2857142857142857},"matches":[{"file1":"00140_00001/soci.java","file2":"00135_00001/Sociologia.java","start1":40,"end1":46,"start2":57,"end2":63,"tokens":15,"file1Tokens":15,"file2Tokens":15},{"file1":"00140_00001/soci.java","file2":"00135_00001/Sociologia.java","start1":52,"end1":61,"start2":79,"end2":88,"tokens":14,"file1Tokens":14,"file2Tokens":14},{"file1":"00140_00001/soci.java","file2":"00135_00001/Sociologia.java","start1":28,"end1":35,"start2":4,"end2":13,"tokens":9,"file1Tokens":9,"file2Tokens":9}]}