{"id1":"00141_00002","id2":"00111_00001","similarities":{"AVG":0.27672955974842767,"MAX":0.29333333333333333},"matches":[{"file1":"00141_00002/Sociologia.java","file2":"00111_00001/Sociologia.java","start1":101,"end1":120,"start2":115,"end2":126,"tokens":19,"file1Tokens":19,"file2Tokens":19},{"file1":"00141_00002/Sociologia.java","file2":"00111_00001/Sociologia.java","start1":125,"end1":135,"start2":42,"end2":50,"tokens":16,"file1Tokens":16,"file2Tokens":16},{"file1":"00141_00002/Sociologia.java","file2":"00111_00001/Sociologia.java","start1":4,"end1":12,"start2":5,"end2":13,"tokens":9,"file1Tokens":9,"file2Tokens":9}]}