{"id1":"00140_00001","id2":"00145_00001","similarities":{"AVG":0.4053156146179402,"MAX":0.45864661654135336},"matches":[{"file1":"00140_00001/soci.java","file2":"00145_00001/Sociologia.java","start1":43,"end1":62,"start2":44,"end2":62,"tokens":29,"file1Tokens":29,"file2Tokens":29},{"file1":"00140_00001/soci.java","file2":"00145_00001/Sociologia.java","start1":1,"end1":20,"start2":4,"end2":19,"tokens":17,"file1Tokens":17,"file2Tokens":17},{"file1":"00140_00001/soci.java","file2":"00145_00001/Sociologia.java","start1":77,"end1":88,"start2":100,"end2":110,"tokens":15,"file1Tokens":15,"file2Tokens":15}]}