{"id1":"00141_00002","id2":"00113_00002","similarities":{"AVG":0.277602523659306,"MAX":0.29333333333333333},"matches":[{"file1":"00141_00002/Sociologia.java","file2":"00113_00002/sociologia.java","start1":101,"end1":120,"start2":123,"end2":135,"tokens":19,"file1Tokens":19,"file2Tokens":19},{"file1":"00141_00002/Sociologia.java","file2":"00113_00002/sociologia.java","start1":125,"end1":135,"start2":45,"end2":53,"tokens":16,"file1Tokens":16,"file2Tokens":16},{"file1":"00141_00002/Sociologia.java","file2":"00113_00002/sociologia.java","start1":4,"end1":12,"start2":4,"end2":12,"tokens":9,"file1Tokens":9,"file2Tokens":9}]}