{"id1":"00141_00002","id2":"00153_00001","similarities":{"AVG":0.27672955974842767,"MAX":0.29333333333333333},"matches":[{"file1":"00141_00002/Sociologia.java","file2":"00153_00001/Sociologia.java","start1":101,"end1":120,"start2":116,"end2":127,"tokens":19,"file1Tokens":19,"file2Tokens":19},{"file1":"00141_00002/Sociologia.java","file2":"00153_00001/Sociologia.java","start1":125,"end1":135,"start2":43,"end2":51,"tokens":16,"file1Tokens":16,"file2Tokens":16},{"file1":"00141_00002/Sociologia.java","file2":"00153_00001/Sociologia.java","start1":4,"end1":12,"start2":6,"end2":14,"tokens":9,"file1Tokens":9,"file2Tokens":9}]}