{"id1":"00141_00002","id2":"00121_00001","similarities":{"AVG":0.30903790087463556,"MAX":0.35333333333333333},"matches":[{"file1":"00141_00002/Sociologia.java","file2":"00121_00001/Sociologia.java","start1":101,"end1":120,"start2":133,"end2":153,"tokens":19,"file1Tokens":19,"file2Tokens":19},{"file1":"00141_00002/Sociologia.java","file2":"00121_00001/Sociologia.java","start1":125,"end1":132,"start2":155,"end2":160,"tokens":13,"file1Tokens":13,"file2Tokens":13},{"file1":"00141_00002/Sociologia.java","file2":"00121_00001/Sociologia.java","start1":4,"end1":13,"start2":5,"end2":14,"tokens":11,"file1Tokens":11,"file2Tokens":11},{"file1":"00141_00002/Sociologia.java","file2":"00121_00001/Sociologia.java","start1":19,"end1":27,"start2":24,"end2":32,"tokens":10,"file1Tokens":10,"file2Tokens":10}]}