{"id1":"00141_00002","id2":"00135_00001","similarities":{"AVG":0.2155688622754491,"MAX":0.24},"matches":[{"file1":"00141_00002/Sociologia.java","file2":"00135_00001/Sociologia.java","start1":104,"end1":120,"start2":136,"end2":146,"tokens":17,"file1Tokens":17,"file2Tokens":17},{"file1":"00141_00002/Sociologia.java","file2":"00135_00001/Sociologia.java","start1":123,"end1":128,"start2":59,"end2":63,"tokens":10,"file1Tokens":10,"file2Tokens":10},{"file1":"00141_00002/Sociologia.java","file2":"00135_00001/Sociologia.java","start1":4,"end1":11,"start2":4,"end2":13,"tokens":9,"file1Tokens":9,"file2Tokens":9}]}