{"id1":"00142_00001","id2":"00178_00002","similarities":{"AVG":0.22429906542056074,"MAX":0.23529411764705882},"matches":[{"file1":"00142_00001/Sociologia.java","file2":"00178_00002/Sociologia.java","start1":78,"end1":86,"start2":42,"end2":50,"tokens":16,"file1Tokens":16,"file2Tokens":16},{"file1":"00142_00001/Sociologia.java","file2":"00178_00002/Sociologia.java","start1":1,"end1":12,"start2":3,"end2":13,"tokens":10,"file1Tokens":10,"file2Tokens":10},{"file1":"00142_00001/Sociologia.java","file2":"00178_00002/Sociologia.java","start1":53,"end1":62,"start2":116,"end2":123,"tokens":10,"file1Tokens":10,"file2Tokens":10}]}