{"id1":"00145_00001","id2":"00198_00001","similarities":{"AVG":0.20218579234972678,"MAX":0.22023809523809523},"matches":[{"file1":"00145_00001/Sociologia.java","file2":"00198_00001/Sociologia.java","start1":122,"end1":126,"start2":3,"end2":8,"tokens":10,"file1Tokens":10,"file2Tokens":10},{"file1":"00145_00001/Sociologia.java","file2":"00198_00001/Sociologia.java","start1":7,"end1":15,"start2":137,"end2":145,"tokens":9,"file1Tokens":9,"file2Tokens":9},{"file1":"00145_00001/Sociologia.java","file2":"00198_00001/Sociologia.java","start1":42,"end1":46,"start2":26,"end2":30,"tokens":9,"file1Tokens":9,"file2Tokens":9},{"file1":"00145_00001/Sociologia.java","file2":"00198_00001/Sociologia.java","start1":87,"end1":92,"start2":59,"end2":64,"tokens":9,"file1Tokens":9,"file2Tokens":9}]}