{"id1":"00141_00002","id2":"00195_00001","similarities":{"AVG":0.3102310231023102,"MAX":0.31333333333333335},"matches":[{"file1":"00141_00002/Sociologia.java","file2":"00195_00001/Sociologia.java","start1":123,"end1":137,"start2":76,"end2":89,"tokens":19,"file1Tokens":19,"file2Tokens":19},{"file1":"00141_00002/Sociologia.java","file2":"00195_00001/Sociologia.java","start1":102,"end1":116,"start2":53,"end2":62,"tokens":10,"file1Tokens":10,"file2Tokens":10},{"file1":"00141_00002/Sociologia.java","file2":"00195_00001/Sociologia.java","start1":18,"end1":26,"start2":3,"end2":12,"tokens":9,"file1Tokens":9,"file2Tokens":9},{"file1":"00141_00002/Sociologia.java","file2":"00195_00001/Sociologia.java","start1":35,"end1":40,"start2":31,"end2":37,"tokens":9,"file1Tokens":9,"file2Tokens":9}]}