{"id1":"00155_00001","id2":"00194_00001","similarities":{"AVG":0.4290909090909091,"MAX":0.472},"matches":[{"file1":"00155_00001/Daa_sociologia.java","file2":"00194_00001/Sociologia.java","start1":77,"end1":86,"start2":103,"end2":119,"tokens":19,"file1Tokens":19,"file2Tokens":19},{"file1":"00155_00001/Daa_sociologia.java","file2":"00194_00001/Sociologia.java","start1":87,"end1":96,"start2":123,"end2":134,"tokens":15,"file1Tokens":15,"file2Tokens":15},{"file1":"00155_00001/Daa_sociologia.java","file2":"00194_00001/Sociologia.java","start1":17,"end1":27,"start2":4,"end2":14,"tokens":13,"file1Tokens":13,"file2Tokens":13},{"file1":"00155_00001/Daa_sociologia.java","file2":"00194_00001/Sociologia.java","start1":38,"end1":47,"start2":36,"end2":44,"tokens":12,"file1Tokens":12,"file2Tokens":12}]}