{"id1":"00155_00001","id2":"00013_00002","similarities":{"AVG":0.23255813953488372,"MAX":0.24},"matches":[{"file1":"00155_00001/Daa_sociologia.java","file2":"00013_00002/socio.java","start1":18,"end1":27,"start2":4,"end2":13,"tokens":10,"file1Tokens":10,"file2Tokens":10},{"file1":"00155_00001/Daa_sociologia.java","file2":"00013_00002/socio.java","start1":59,"end1":66,"start2":71,"end2":77,"tokens":10,"file1Tokens":10,"file2Tokens":10},{"file1":"00155_00001/Daa_sociologia.java","file2":"00013_00002/socio.java","start1":80,"end1":84,"start2":40,"end2":44,"tokens":10,"file1Tokens":10,"file2Tokens":10}]}