{"id1":"00154_00002","id2":"00160_00001","similarities":{"AVG":0.19333333333333333,"MAX":0.21323529411764705},"matches":[{"file1":"00154_00002/Sociologia.java","file2":"00160_00001/JavaApplication7.java","start1":4,"end1":8,"start2":151,"end2":157,"tokens":10,"file1Tokens":10,"file2Tokens":10},{"file1":"00154_00002/Sociologia.java","file2":"00160_00001/JavaApplication7.java","start1":67,"end1":74,"start2":112,"end2":117,"tokens":10,"file1Tokens":10,"file2Tokens":10},{"file1":"00154_00002/Sociologia.java","file2":"00160_00001/JavaApplication7.java","start1":131,"end1":135,"start2":122,"end2":128,"tokens":9,"file1Tokens":9,"file2Tokens":9}]}