{"id1":"00155_00001","id2":"00154_00002","similarities":{"AVG":0.2698961937716263,"MAX":0.312},"matches":[{"file1":"00155_00001/Daa_sociologia.java","file2":"00154_00002/Sociologia.java","start1":86,"end1":94,"start2":59,"end2":67,"tokens":16,"file1Tokens":16,"file2Tokens":16},{"file1":"00155_00001/Daa_sociologia.java","file2":"00154_00002/Sociologia.java","start1":79,"end1":85,"start2":4,"end2":10,"tokens":14,"file1Tokens":14,"file2Tokens":14},{"file1":"00155_00001/Daa_sociologia.java","file2":"00154_00002/Sociologia.java","start1":18,"end1":26,"start2":24,"end2":32,"tokens":9,"file1Tokens":9,"file2Tokens":9}]}