{"id1":"00154_00002","id2":"00121_00001","similarities":{"AVG":0.6666666666666666,"MAX":0.725609756097561},"matches":[{"file1":"00154_00002/Sociologia.java","file2":"00121_00001/Sociologia.java","start1":80,"end1":109,"start2":63,"end2":98,"tokens":35,"file1Tokens":35,"file2Tokens":35},{"file1":"00154_00002/Sociologia.java","file2":"00121_00001/Sociologia.java","start1":4,"end1":11,"start2":142,"end2":154,"tokens":15,"file1Tokens":15,"file2Tokens":15},{"file1":"00154_00002/Sociologia.java","file2":"00121_00001/Sociologia.java","start1":68,"end1":78,"start2":47,"end2":58,"tokens":14,"file1Tokens":14,"file2Tokens":14},{"file1":"00154_00002/Sociologia.java","file2":"00121_00001/Sociologia.java","start1":59,"end1":64,"start2":155,"end2":160,"tokens":13,"file1Tokens":13,"file2Tokens":13},{"file1":"00154_00002/Sociologia.java","file2":"00121_00001/Sociologia.java","start1":110,"end1":118,"start2":114,"end2":125,"tokens":13,"file1Tokens":13,"file2Tokens":13},{"file1":"00154_00002/Sociologia.java","file2":"00121_00001/Sociologia.java","start1":23,"end1":32,"start2":4,"end2":13,"tokens":10,"file1Tokens":10,"file2Tokens":10},{"file1":"00154_00002/Sociologia.java","file2":"00121_00001/Sociologia.java","start1":131,"end1":136,"start2":130,"end2":137,"tokens":10,"file1Tokens":10,"file2Tokens":10},{"file1":"00154_00002/Sociologia.java","file2":"00121_00001/Sociologia.java","start1":34,"end1":41,"start2":15,"end2":24,"tokens":9,"file1Tokens":9,"file2Tokens":9}]}