{"id1":"00155_00001","id2":"00195_00002","similarities":{"AVG":0.2589928057553957,"MAX":0.288},"matches":[{"file1":"00155_00001/Daa_sociologia.java","file2":"00195_00002/Sociologia.java","start1":86,"end1":96,"start2":79,"end2":90,"tokens":18,"file1Tokens":18,"file2Tokens":18},{"file1":"00155_00001/Daa_sociologia.java","file2":"00195_00002/Sociologia.java","start1":6,"end1":13,"start2":7,"end2":14,"tokens":9,"file1Tokens":9,"file2Tokens":9},{"file1":"00155_00001/Daa_sociologia.java","file2":"00195_00002/Sociologia.java","start1":38,"end1":45,"start2":32,"end2":38,"tokens":9,"file1Tokens":9,"file2Tokens":9}]}