{"id1":"00155_00001","id2":"00113_00002","similarities":{"AVG":0.3493150684931507,"MAX":0.408},"matches":[{"file1":"00155_00001/Daa_sociologia.java","file2":"00113_00002/sociologia.java","start1":77,"end1":85,"start2":126,"end2":135,"tokens":16,"file1Tokens":16,"file2Tokens":16},{"file1":"00155_00001/Daa_sociologia.java","file2":"00113_00002/sociologia.java","start1":86,"end1":94,"start2":45,"end2":53,"tokens":16,"file1Tokens":16,"file2Tokens":16},{"file1":"00155_00001/Daa_sociologia.java","file2":"00113_00002/sociologia.java","start1":31,"end1":37,"start2":37,"end2":43,"tokens":10,"file1Tokens":10,"file2Tokens":10},{"file1":"00155_00001/Daa_sociologia.java","file2":"00113_00002/sociologia.java","start1":18,"end1":26,"start2":4,"end2":12,"tokens":9,"file1Tokens":9,"file2Tokens":9}]}