{"id1":"00154_00002","id2":"00135_00001","similarities":{"AVG":0.29310344827586204,"MAX":0.31097560975609756},"matches":[{"file1":"00154_00002/Sociologia.java","file2":"00135_00001/Sociologia.java","start1":4,"end1":16,"start2":140,"end2":151,"tokens":19,"file1Tokens":19,"file2Tokens":19},{"file1":"00154_00002/Sociologia.java","file2":"00135_00001/Sociologia.java","start1":52,"end1":61,"start2":51,"end2":63,"tokens":18,"file1Tokens":18,"file2Tokens":18},{"file1":"00154_00002/Sociologia.java","file2":"00135_00001/Sociologia.java","start1":66,"end1":76,"start2":79,"end2":88,"tokens":14,"file1Tokens":14,"file2Tokens":14}]}