{"id1":"00155_00001","id2":"00141_00002","similarities":{"AVG":0.4290909090909091,"MAX":0.472},"matches":[{"file1":"00155_00001/Daa_sociologia.java","file2":"00141_00002/Sociologia.java","start1":77,"end1":86,"start2":105,"end2":122,"tokens":19,"file1Tokens":19,"file2Tokens":19},{"file1":"00155_00001/Daa_sociologia.java","file2":"00141_00002/Sociologia.java","start1":87,"end1":96,"start2":126,"end2":137,"tokens":15,"file1Tokens":15,"file2Tokens":15},{"file1":"00155_00001/Daa_sociologia.java","file2":"00141_00002/Sociologia.java","start1":17,"end1":27,"start2":3,"end2":13,"tokens":13,"file1Tokens":13,"file2Tokens":13},{"file1":"00155_00001/Daa_sociologia.java","file2":"00141_00002/Sociologia.java","start1":38,"end1":47,"start2":35,"end2":44,"tokens":12,"file1Tokens":12,"file2Tokens":12}]}