{"id1":"00155_00001","id2":"00097_00002","similarities":{"AVG":0.4542124542124542,"MAX":0.496},"matches":[{"file1":"00155_00001/Daa_sociologia.java","file2":"00097_00002/ProblemaF4.java","start1":56,"end1":71,"start2":86,"end2":102,"tokens":21,"file1Tokens":21,"file2Tokens":21},{"file1":"00155_00001/Daa_sociologia.java","file2":"00097_00002/ProblemaF4.java","start1":72,"end1":82,"start2":103,"end2":114,"tokens":13,"file1Tokens":13,"file2Tokens":13},{"file1":"00155_00001/Daa_sociologia.java","file2":"00097_00002/ProblemaF4.java","start1":39,"end1":47,"start2":68,"end2":75,"tokens":10,"file1Tokens":10,"file2Tokens":10},{"file1":"00155_00001/Daa_sociologia.java","file2":"00097_00002/ProblemaF4.java","start1":18,"end1":24,"start2":27,"end2":36,"tokens":9,"file1Tokens":9,"file2Tokens":9},{"file1":"00155_00001/Daa_sociologia.java","file2":"00097_00002/ProblemaF4.java","start1":82,"end1":86,"start2":116,"end2":120,"tokens":9,"file1Tokens":9,"file2Tokens":9}]}