{"id1":"00155_00001","id2":"00130_00002","similarities":{"AVG":0.40310077519379844,"MAX":0.416},"matches":[{"file1":"00155_00001/Daa_sociologia.java","file2":"00130_00002/soci.java","start1":39,"end1":58,"start2":57,"end2":72,"tokens":22,"file1Tokens":22,"file2Tokens":22},{"file1":"00155_00001/Daa_sociologia.java","file2":"00130_00002/soci.java","start1":86,"end1":94,"start2":43,"end2":53,"tokens":16,"file1Tokens":16,"file2Tokens":16},{"file1":"00155_00001/Daa_sociologia.java","file2":"00130_00002/soci.java","start1":13,"end1":25,"start2":21,"end2":35,"tokens":14,"file1Tokens":14,"file2Tokens":14}]}