{"id1":"00154_00002","id2":"00177_00003","similarities":{"AVG":0.891566265060241,"MAX":0.9024390243902439},"matches":[{"file1":"00154_00002/Sociologia.java","file2":"00177_00003/Sociologia.java","start1":59,"end1":136,"start2":42,"end2":126,"tokens":105,"file1Tokens":105,"file2Tokens":105},{"file1":"00154_00002/Sociologia.java","file2":"00177_00003/Sociologia.java","start1":4,"end1":21,"start2":127,"end2":144,"tokens":22,"file1Tokens":22,"file2Tokens":22},{"file1":"00154_00002/Sociologia.java","file2":"00177_00003/Sociologia.java","start1":23,"end1":41,"start2":4,"end2":22,"tokens":21,"file1Tokens":21,"file2Tokens":21}]}