{"id1":"00155_00001","id2":"00121_00001","similarities":{"AVG":0.36477987421383645,"MAX":0.464},"matches":[{"file1":"00155_00001/Daa_sociologia.java","file2":"00121_00001/Sociologia.java","start1":77,"end1":85,"start2":136,"end2":153,"tokens":16,"file1Tokens":16,"file2Tokens":16},{"file1":"00155_00001/Daa_sociologia.java","file2":"00121_00001/Sociologia.java","start1":86,"end1":91,"start2":155,"end2":160,"tokens":13,"file1Tokens":13,"file2Tokens":13},{"file1":"00155_00001/Daa_sociologia.java","file2":"00121_00001/Sociologia.java","start1":18,"end1":27,"start2":5,"end2":14,"tokens":10,"file1Tokens":10,"file2Tokens":10},{"file1":"00155_00001/Daa_sociologia.java","file2":"00121_00001/Sociologia.java","start1":31,"end1":37,"start2":38,"end2":44,"tokens":10,"file1Tokens":10,"file2Tokens":10},{"file1":"00155_00001/Daa_sociologia.java","file2":"00121_00001/Sociologia.java","start1":93,"end1":101,"start2":161,"end2":171,"tokens":9,"file1Tokens":9,"file2Tokens":9}]}