{"id1":"00155_00001","id2":"00142_00001","similarities":{"AVG":0.2589928057553957,"MAX":0.288},"matches":[{"file1":"00155_00001/Daa_sociologia.java","file2":"00142_00001/Sociologia.java","start1":86,"end1":96,"start2":78,"end2":89,"tokens":18,"file1Tokens":18,"file2Tokens":18},{"file1":"00155_00001/Daa_sociologia.java","file2":"00142_00001/Sociologia.java","start1":6,"end1":13,"start2":6,"end2":13,"tokens":9,"file1Tokens":9,"file2Tokens":9},{"file1":"00155_00001/Daa_sociologia.java","file2":"00142_00001/Sociologia.java","start1":38,"end1":45,"start2":31,"end2":37,"tokens":9,"file1Tokens":9,"file2Tokens":9}]}