{"id1":"00155_00001","id2":"00177_00003","similarities":{"AVG":0.34812286689419797,"MAX":0.408},"matches":[{"file1":"00155_00001/Daa_sociologia.java","file2":"00177_00003/Sociologia.java","start1":77,"end1":85,"start2":123,"end2":133,"tokens":16,"file1Tokens":16,"file2Tokens":16},{"file1":"00155_00001/Daa_sociologia.java","file2":"00177_00003/Sociologia.java","start1":86,"end1":94,"start2":42,"end2":50,"tokens":16,"file1Tokens":16,"file2Tokens":16},{"file1":"00155_00001/Daa_sociologia.java","file2":"00177_00003/Sociologia.java","start1":31,"end1":37,"start2":35,"end2":40,"tokens":10,"file1Tokens":10,"file2Tokens":10},{"file1":"00155_00001/Daa_sociologia.java","file2":"00177_00003/Sociologia.java","start1":18,"end1":26,"start2":5,"end2":13,"tokens":9,"file1Tokens":9,"file2Tokens":9}]}