{"id1":"00186_00002","id2":"00197_00001","similarities":{"AVG":0.35714285714285715,"MAX":0.4166666666666667},"matches":[{"file1":"00186_00002/Sociologia.java","file2":"00197_00001/Sociologia.java","start1":131,"end1":144,"start2":109,"end2":122,"tokens":18,"file1Tokens":18,"file2Tokens":18},{"file1":"00186_00002/Sociologia.java","file2":"00197_00001/Sociologia.java","start1":116,"end1":122,"start2":84,"end2":91,"tokens":15,"file1Tokens":15,"file2Tokens":15},{"file1":"00186_00002/Sociologia.java","file2":"00197_00001/Sociologia.java","start1":85,"end1":93,"start2":127,"end2":137,"tokens":12,"file1Tokens":12,"file2Tokens":12},{"file1":"00186_00002/Sociologia.java","file2":"00197_00001/Sociologia.java","start1":70,"end1":77,"start2":140,"end2":148,"tokens":10,"file1Tokens":10,"file2Tokens":10}]}