{"id1":"00186_00004","id2":"00183_00004","similarities":{"AVG":0.2611683848797251,"MAX":0.2638888888888889},"matches":[{"file1":"00186_00004/sociologia.java","file2":"00183_00004/Sociologia.java","start1":30,"end1":41,"start2":59,"end2":70,"tokens":16,"file1Tokens":16,"file2Tokens":16},{"file1":"00186_00004/sociologia.java","file2":"00183_00004/Sociologia.java","start1":10,"end1":20,"start2":31,"end2":42,"tokens":13,"file1Tokens":13,"file2Tokens":13},{"file1":"00186_00004/sociologia.java","file2":"00183_00004/Sociologia.java","start1":51,"end1":59,"start2":83,"end2":93,"tokens":9,"file1Tokens":9,"file2Tokens":9}]}