{"id1":"00186_00004","id2":"00202_00002","similarities":{"AVG":0.3017543859649123,"MAX":0.3049645390070922},"matches":[{"file1":"00186_00004/sociologia.java","file2":"00202_00002/sociologia.java","start1":48,"end1":58,"start2":158,"end2":169,"tokens":12,"file1Tokens":12,"file2Tokens":12},{"file1":"00186_00004/sociologia.java","file2":"00202_00002/sociologia.java","start1":80,"end1":88,"start2":173,"end2":183,"tokens":11,"file1Tokens":11,"file2Tokens":11},{"file1":"00186_00004/sociologia.java","file2":"00202_00002/sociologia.java","start1":110,"end1":115,"start2":92,"end2":97,"tokens":11,"file1Tokens":11,"file2Tokens":11},{"file1":"00186_00004/sociologia.java","file2":"00202_00002/sociologia.java","start1":67,"end1":73,"start2":119,"end2":124,"tokens":9,"file1Tokens":9,"file2Tokens":9}]}