{"id1":"00186_00004","id2":"00192_00002","similarities":{"AVG":0.4290909090909091,"MAX":0.45038167938931295},"matches":[{"file1":"00186_00004/sociologia.java","file2":"00192_00002/main.java","start1":108,"end1":120,"start2":124,"end2":136,"tokens":22,"file1Tokens":22,"file2Tokens":22},{"file1":"00186_00004/sociologia.java","file2":"00192_00002/main.java","start1":63,"end1":73,"start2":148,"end2":159,"tokens":15,"file1Tokens":15,"file2Tokens":15},{"file1":"00186_00004/sociologia.java","file2":"00192_00002/main.java","start1":48,"end1":58,"start2":96,"end2":104,"tokens":12,"file1Tokens":12,"file2Tokens":12},{"file1":"00186_00004/sociologia.java","file2":"00192_00002/main.java","start1":80,"end1":87,"start2":107,"end2":113,"tokens":10,"file1Tokens":10,"file2Tokens":10}]}