{"id1":"00186_00002","id2":"00192_00001","similarities":{"AVG":0.3202416918429003,"MAX":0.3419354838709677},"matches":[{"file1":"00186_00002/Sociologia.java","file2":"00192_00001/main.java","start1":134,"end1":144,"start2":166,"end2":177,"tokens":16,"file1Tokens":16,"file2Tokens":16},{"file1":"00186_00002/Sociologia.java","file2":"00192_00001/main.java","start1":116,"end1":122,"start2":120,"end2":126,"tokens":15,"file1Tokens":15,"file2Tokens":15},{"file1":"00186_00002/Sociologia.java","file2":"00192_00001/main.java","start1":85,"end1":93,"start2":98,"end2":107,"tokens":12,"file1Tokens":12,"file2Tokens":12},{"file1":"00186_00002/Sociologia.java","file2":"00192_00001/main.java","start1":70,"end1":77,"start2":110,"end2":116,"tokens":10,"file1Tokens":10,"file2Tokens":10}]}