{"id1":"00187_00001","id2":"00192_00001","similarities":{"AVG":0.627177700348432,"MAX":0.6818181818181818},"matches":[{"file1":"00187_00001/Sociologia.java","file2":"00192_00001/main.java","start1":125,"end1":153,"start2":93,"end2":119,"tokens":39,"file1Tokens":39,"file2Tokens":39},{"file1":"00187_00001/Sociologia.java","file2":"00192_00001/main.java","start1":85,"end1":101,"start2":119,"end2":134,"tokens":24,"file1Tokens":24,"file2Tokens":24},{"file1":"00187_00001/Sociologia.java","file2":"00192_00001/main.java","start1":112,"end1":124,"start2":166,"end2":177,"tokens":16,"file1Tokens":16,"file2Tokens":16},{"file1":"00187_00001/Sociologia.java","file2":"00192_00001/main.java","start1":154,"end1":161,"start2":135,"end2":142,"tokens":11,"file1Tokens":11,"file2Tokens":11}]}