{"id1":"00186_00002","id2":"00187_00001","similarities":{"AVG":0.35714285714285715,"MAX":0.4166666666666667},"matches":[{"file1":"00186_00002/Sociologia.java","file2":"00187_00001/Sociologia.java","start1":131,"end1":144,"start2":111,"end2":124,"tokens":18,"file1Tokens":18,"file2Tokens":18},{"file1":"00186_00002/Sociologia.java","file2":"00187_00001/Sociologia.java","start1":116,"end1":122,"start2":86,"end2":93,"tokens":15,"file1Tokens":15,"file2Tokens":15},{"file1":"00186_00002/Sociologia.java","file2":"00187_00001/Sociologia.java","start1":85,"end1":93,"start2":129,"end2":139,"tokens":12,"file1Tokens":12,"file2Tokens":12},{"file1":"00186_00002/Sociologia.java","file2":"00187_00001/Sociologia.java","start1":70,"end1":77,"start2":142,"end2":150,"tokens":10,"file1Tokens":10,"file2Tokens":10}]}