{"id1":"00187_00001","id2":"00202_00002","similarities":{"AVG":0.5567765567765568,"MAX":0.5757575757575758},"matches":[{"file1":"00187_00001/Sociologia.java","file2":"00202_00002/sociologia.java","start1":125,"end1":139,"start2":153,"end2":169,"tokens":22,"file1Tokens":22,"file2Tokens":22},{"file1":"00187_00001/Sociologia.java","file2":"00202_00002/sociologia.java","start1":79,"end1":91,"start2":85,"end2":97,"tokens":20,"file1Tokens":20,"file2Tokens":20},{"file1":"00187_00001/Sociologia.java","file2":"00202_00002/sociologia.java","start1":92,"end1":102,"start2":135,"end2":144,"tokens":12,"file1Tokens":12,"file2Tokens":12},{"file1":"00187_00001/Sociologia.java","file2":"00202_00002/sociologia.java","start1":142,"end1":150,"start2":173,"end2":182,"tokens":12,"file1Tokens":12,"file2Tokens":12},{"file1":"00187_00001/Sociologia.java","file2":"00202_00002/sociologia.java","start1":115,"end1":124,"start2":119,"end2":126,"tokens":10,"file1Tokens":10,"file2Tokens":10}]}