{"id1":"00186_00004","id2":"00192_00001","similarities":{"AVG":0.3210702341137124,"MAX":0.3333333333333333},"matches":[{"file1":"00186_00004/sociologia.java","file2":"00192_00001/main.java","start1":110,"end1":117,"start2":120,"end2":126,"tokens":14,"file1Tokens":14,"file2Tokens":14},{"file1":"00186_00004/sociologia.java","file2":"00192_00001/main.java","start1":48,"end1":58,"start2":98,"end2":107,"tokens":12,"file1Tokens":12,"file2Tokens":12},{"file1":"00186_00004/sociologia.java","file2":"00192_00001/main.java","start1":64,"end1":73,"start2":167,"end2":176,"tokens":12,"file1Tokens":12,"file2Tokens":12},{"file1":"00186_00004/sociologia.java","file2":"00192_00001/main.java","start1":80,"end1":87,"start2":110,"end2":116,"tokens":10,"file1Tokens":10,"file2Tokens":10}]}