{"id1":"00186_00004","id2":"00197_00001","similarities":{"AVG":0.34782608695652173,"MAX":0.36363636363636365},"matches":[{"file1":"00186_00004/sociologia.java","file2":"00197_00001/Sociologia.java","start1":110,"end1":117,"start2":84,"end2":91,"tokens":14,"file1Tokens":14,"file2Tokens":14},{"file1":"00186_00004/sociologia.java","file2":"00197_00001/Sociologia.java","start1":48,"end1":58,"start2":127,"end2":137,"tokens":12,"file1Tokens":12,"file2Tokens":12},{"file1":"00186_00004/sociologia.java","file2":"00197_00001/Sociologia.java","start1":64,"end1":73,"start2":111,"end2":121,"tokens":12,"file1Tokens":12,"file2Tokens":12},{"file1":"00186_00004/sociologia.java","file2":"00197_00001/Sociologia.java","start1":80,"end1":87,"start2":140,"end2":148,"tokens":10,"file1Tokens":10,"file2Tokens":10}]}