{"id1":"00186_00002","id2":"00202_00002","similarities":{"AVG":0.3470031545741325,"MAX":0.3900709219858156},"matches":[{"file1":"00186_00002/Sociologia.java","file2":"00202_00002/sociologia.java","start1":85,"end1":93,"start2":158,"end2":169,"tokens":12,"file1Tokens":12,"file2Tokens":12},{"file1":"00186_00002/Sociologia.java","file2":"00202_00002/sociologia.java","start1":116,"end1":120,"start2":92,"end2":97,"tokens":12,"file1Tokens":12,"file2Tokens":12},{"file1":"00186_00002/Sociologia.java","file2":"00202_00002/sociologia.java","start1":70,"end1":78,"start2":173,"end2":183,"tokens":11,"file1Tokens":11,"file2Tokens":11},{"file1":"00186_00002/Sociologia.java","file2":"00202_00002/sociologia.java","start1":137,"end1":144,"start2":119,"end2":127,"tokens":11,"file1Tokens":11,"file2Tokens":11},{"file1":"00186_00002/Sociologia.java","file2":"00202_00002/sociologia.java","start1":110,"end1":114,"start2":80,"end2":85,"tokens":9,"file1Tokens":9,"file2Tokens":9}]}