{"id1":"00186_00002","id2":"00203_00002","similarities":{"AVG":0.24299065420560748,"MAX":0.2689655172413793},"matches":[{"file1":"00186_00002/Sociologia.java","file2":"00203_00002/sociologia.java","start1":116,"end1":122,"start2":86,"end2":94,"tokens":15,"file1Tokens":15,"file2Tokens":15},{"file1":"00186_00002/Sociologia.java","file2":"00203_00002/sociologia.java","start1":134,"end1":143,"start2":110,"end2":119,"tokens":15,"file1Tokens":15,"file2Tokens":15},{"file1":"00186_00002/Sociologia.java","file2":"00203_00002/sociologia.java","start1":87,"end1":93,"start2":125,"end2":130,"tokens":9,"file1Tokens":9,"file2Tokens":9}]}