{"id1":"00186_00004","id2":"00186_00002","similarities":{"AVG":0.3875,"MAX":0.4305555555555556},"matches":[{"file1":"00186_00004/sociologia.java","file2":"00186_00002/Sociologia.java","start1":45,"end1":59,"start2":82,"end2":94,"tokens":18,"file1Tokens":18,"file2Tokens":18},{"file1":"00186_00004/sociologia.java","file2":"00186_00002/Sociologia.java","start1":110,"end1":120,"start2":116,"end2":125,"tokens":17,"file1Tokens":17,"file2Tokens":17},{"file1":"00186_00004/sociologia.java","file2":"00186_00002/Sociologia.java","start1":79,"end1":90,"start2":69,"end2":80,"tokens":15,"file1Tokens":15,"file2Tokens":15},{"file1":"00186_00004/sociologia.java","file2":"00186_00002/Sociologia.java","start1":64,"end1":73,"start2":135,"end2":143,"tokens":12,"file1Tokens":12,"file2Tokens":12}]}