{"id1":"00186_00004","id2":"00203_00002","similarities":{"AVG":0.2629757785467128,"MAX":0.2638888888888889},"matches":[{"file1":"00186_00004/sociologia.java","file2":"00203_00002/sociologia.java","start1":64,"end1":76,"start2":111,"end2":121,"tokens":15,"file1Tokens":15,"file2Tokens":15},{"file1":"00186_00004/sociologia.java","file2":"00203_00002/sociologia.java","start1":110,"end1":117,"start2":86,"end2":94,"tokens":14,"file1Tokens":14,"file2Tokens":14},{"file1":"00186_00004/sociologia.java","file2":"00203_00002/sociologia.java","start1":50,"end1":58,"start2":125,"end2":130,"tokens":9,"file1Tokens":9,"file2Tokens":9}]}