{"id1":"00187_00001","id2":"00202_00003","similarities":{"AVG":0.6227106227106227,"MAX":0.6439393939393939},"matches":[{"file1":"00187_00001/Sociologia.java","file2":"00202_00003/soc.java","start1":125,"end1":139,"start2":150,"end2":165,"tokens":22,"file1Tokens":22,"file2Tokens":22},{"file1":"00187_00001/Sociologia.java","file2":"00202_00003/soc.java","start1":79,"end1":91,"start2":84,"end2":97,"tokens":20,"file1Tokens":20,"file2Tokens":20},{"file1":"00187_00001/Sociologia.java","file2":"00202_00003/soc.java","start1":111,"end1":124,"start2":111,"end2":123,"tokens":18,"file1Tokens":18,"file2Tokens":18},{"file1":"00187_00001/Sociologia.java","file2":"00202_00003/soc.java","start1":92,"end1":102,"start2":132,"end2":143,"tokens":13,"file1Tokens":13,"file2Tokens":13},{"file1":"00187_00001/Sociologia.java","file2":"00202_00003/soc.java","start1":142,"end1":150,"start2":169,"end2":177,"tokens":12,"file1Tokens":12,"file2Tokens":12}]}