{"id1":"00186_00004","id2":"00121_00001","similarities":{"AVG":0.19584569732937684,"MAX":0.22916666666666666},"matches":[{"file1":"00186_00004/sociologia.java","file2":"00121_00001/Sociologia.java","start1":112,"end1":117,"start2":155,"end2":160,"tokens":13,"file1Tokens":13,"file2Tokens":13},{"file1":"00186_00004/sociologia.java","file2":"00121_00001/Sociologia.java","start1":40,"end1":46,"start2":51,"end2":57,"tokens":11,"file1Tokens":11,"file2Tokens":11},{"file1":"00186_00004/sociologia.java","file2":"00121_00001/Sociologia.java","start1":81,"end1":87,"start2":104,"end2":110,"tokens":9,"file1Tokens":9,"file2Tokens":9}]}