{"id1":"00186_00004","id2":"00202_00003","similarities":{"AVG":0.32280701754385965,"MAX":0.3262411347517731},"matches":[{"file1":"00186_00004/sociologia.java","file2":"00202_00003/soc.java","start1":48,"end1":58,"start2":155,"end2":165,"tokens":12,"file1Tokens":12,"file2Tokens":12},{"file1":"00186_00004/sociologia.java","file2":"00202_00003/soc.java","start1":64,"end1":73,"start2":113,"end2":121,"tokens":12,"file1Tokens":12,"file2Tokens":12},{"file1":"00186_00004/sociologia.java","file2":"00202_00003/soc.java","start1":80,"end1":88,"start2":169,"end2":178,"tokens":11,"file1Tokens":11,"file2Tokens":11},{"file1":"00186_00004/sociologia.java","file2":"00202_00003/soc.java","start1":110,"end1":115,"start2":92,"end2":97,"tokens":11,"file1Tokens":11,"file2Tokens":11}]}