{"id1":"00187_00001","id2":"00192_00002","similarities":{"AVG":0.49429657794676807,"MAX":0.4961832061068702},"matches":[{"file1":"00187_00001/Sociologia.java","file2":"00192_00002/main.java","start1":125,"end1":139,"start2":91,"end2":104,"tokens":22,"file1Tokens":22,"file2Tokens":22},{"file1":"00187_00001/Sociologia.java","file2":"00192_00002/main.java","start1":142,"end1":153,"start2":107,"end2":117,"tokens":16,"file1Tokens":16,"file2Tokens":16},{"file1":"00187_00001/Sociologia.java","file2":"00192_00002/main.java","start1":86,"end1":93,"start2":126,"end2":133,"tokens":14,"file1Tokens":14,"file2Tokens":14},{"file1":"00187_00001/Sociologia.java","file2":"00192_00002/main.java","start1":113,"end1":124,"start2":149,"end2":160,"tokens":13,"file1Tokens":13,"file2Tokens":13}]}