{"id1":"00195_00002","id2":"00153_00001","similarities":{"AVG":0.22429906542056074,"MAX":0.23529411764705882},"matches":[{"file1":"00195_00002/Sociologia.java","file2":"00153_00001/Sociologia.java","start1":79,"end1":87,"start2":43,"end2":51,"tokens":16,"file1Tokens":16,"file2Tokens":16},{"file1":"00195_00002/Sociologia.java","file2":"00153_00001/Sociologia.java","start1":2,"end1":13,"start2":3,"end2":13,"tokens":10,"file1Tokens":10,"file2Tokens":10},{"file1":"00195_00002/Sociologia.java","file2":"00153_00001/Sociologia.java","start1":54,"end1":63,"start2":117,"end2":124,"tokens":10,"file1Tokens":10,"file2Tokens":10}]}