{"id1":"00194_00001","id2":"00121_00001","similarities":{"AVG":0.30903790087463556,"MAX":0.35333333333333333},"matches":[{"file1":"00194_00001/Sociologia.java","file2":"00121_00001/Sociologia.java","start1":99,"end1":117,"start2":133,"end2":153,"tokens":19,"file1Tokens":19,"file2Tokens":19},{"file1":"00194_00001/Sociologia.java","file2":"00121_00001/Sociologia.java","start1":122,"end1":129,"start2":155,"end2":160,"tokens":13,"file1Tokens":13,"file2Tokens":13},{"file1":"00194_00001/Sociologia.java","file2":"00121_00001/Sociologia.java","start1":5,"end1":14,"start2":5,"end2":14,"tokens":11,"file1Tokens":11,"file2Tokens":11},{"file1":"00194_00001/Sociologia.java","file2":"00121_00001/Sociologia.java","start1":20,"end1":28,"start2":24,"end2":32,"tokens":10,"file1Tokens":10,"file2Tokens":10}]}