{"id1":"00195_00002","id2":"00177_00003","similarities":{"AVG":0.22429906542056074,"MAX":0.23529411764705882},"matches":[{"file1":"00195_00002/Sociologia.java","file2":"00177_00003/Sociologia.java","start1":79,"end1":87,"start2":42,"end2":50,"tokens":16,"file1Tokens":16,"file2Tokens":16},{"file1":"00195_00002/Sociologia.java","file2":"00177_00003/Sociologia.java","start1":2,"end1":13,"start2":2,"end2":12,"tokens":10,"file1Tokens":10,"file2Tokens":10},{"file1":"00195_00002/Sociologia.java","file2":"00177_00003/Sociologia.java","start1":54,"end1":63,"start2":121,"end2":130,"tokens":10,"file1Tokens":10,"file2Tokens":10}]}