{"id1":"00195_00002","id2":"00113_00002","similarities":{"AVG":0.225,"MAX":0.23529411764705882},"matches":[{"file1":"00195_00002/Sociologia.java","file2":"00113_00002/sociologia.java","start1":79,"end1":87,"start2":45,"end2":53,"tokens":16,"file1Tokens":16,"file2Tokens":16},{"file1":"00195_00002/Sociologia.java","file2":"00113_00002/sociologia.java","start1":2,"end1":13,"start2":1,"end2":11,"tokens":10,"file1Tokens":10,"file2Tokens":10},{"file1":"00195_00002/Sociologia.java","file2":"00113_00002/sociologia.java","start1":54,"end1":63,"start2":124,"end2":132,"tokens":10,"file1Tokens":10,"file2Tokens":10}]}