{"id1":"00192_00002","id2":"00192_00001","similarities":{"AVG":0.6993006993006993,"MAX":0.7633587786259542},"matches":[{"file1":"00192_00002/main.java","file2":"00192_00001/main.java","start1":78,"end1":104,"start2":80,"end2":107,"tokens":45,"file1Tokens":45,"file2Tokens":45},{"file1":"00192_00002/main.java","file2":"00192_00001/main.java","start1":149,"end1":165,"start2":167,"end2":182,"tokens":16,"file1Tokens":16,"file2Tokens":16},{"file1":"00192_00002/main.java","file2":"00192_00001/main.java","start1":107,"end1":117,"start2":110,"end2":119,"tokens":15,"file1Tokens":15,"file2Tokens":15},{"file1":"00192_00002/main.java","file2":"00192_00001/main.java","start1":126,"end1":133,"start2":120,"end2":126,"tokens":14,"file1Tokens":14,"file2Tokens":14},{"file1":"00192_00002/main.java","file2":"00192_00001/main.java","start1":139,"end1":144,"start2":161,"end2":165,"tokens":10,"file1Tokens":10,"file2Tokens":10}]}