{"id1":"00195_00001","id2":"00145_00001","similarities":{"AVG":0.22429906542056074,"MAX":0.23529411764705882},"matches":[{"file1":"00195_00001/Sociologia.java","file2":"00145_00001/Sociologia.java","start1":78,"end1":86,"start2":44,"end2":52,"tokens":16,"file1Tokens":16,"file2Tokens":16},{"file1":"00195_00001/Sociologia.java","file2":"00145_00001/Sociologia.java","start1":1,"end1":12,"start2":4,"end2":14,"tokens":10,"file1Tokens":10,"file2Tokens":10},{"file1":"00195_00001/Sociologia.java","file2":"00145_00001/Sociologia.java","start1":53,"end1":62,"start2":118,"end2":125,"tokens":10,"file1Tokens":10,"file2Tokens":10}]}