{"id1":"00192_00002","id2":"00203_00002","similarities":{"AVG":0.3333333333333333,"MAX":0.3511450381679389},"matches":[{"file1":"00192_00002/main.java","file2":"00203_00002/sociologia.java","start1":126,"end1":133,"start2":86,"end2":94,"tokens":14,"file1Tokens":14,"file2Tokens":14},{"file1":"00192_00002/main.java","file2":"00203_00002/sociologia.java","start1":149,"end1":159,"start2":111,"end2":119,"tokens":12,"file1Tokens":12,"file2Tokens":12},{"file1":"00192_00002/main.java","file2":"00203_00002/sociologia.java","start1":98,"end1":105,"start2":125,"end2":132,"tokens":11,"file1Tokens":11,"file2Tokens":11},{"file1":"00192_00002/main.java","file2":"00203_00002/sociologia.java","start1":109,"end1":115,"start2":135,"end2":143,"tokens":9,"file1Tokens":9,"file2Tokens":9}]}