{"id1":"00198_00001","id2":"00202_00003","similarities":{"AVG":0.21238938053097345,"MAX":0.2553191489361702},"matches":[{"file1":"00198_00001/Sociologia.java","file2":"00202_00003/soc.java","start1":45,"end1":55,"start2":112,"end2":123,"tokens":16,"file1Tokens":16,"file2Tokens":16},{"file1":"00198_00001/Sociologia.java","file2":"00202_00003/soc.java","start1":3,"end1":8,"start2":78,"end2":83,"tokens":10,"file1Tokens":10,"file2Tokens":10},{"file1":"00198_00001/Sociologia.java","file2":"00202_00003/soc.java","start1":13,"end1":17,"start2":90,"end2":95,"tokens":10,"file1Tokens":10,"file2Tokens":10}]}