{"id1":"00192_00002","id2":"00197_00001","similarities":{"AVG":0.49429657794676807,"MAX":0.4961832061068702},"matches":[{"file1":"00192_00002/main.java","file2":"00197_00001/Sociologia.java","start1":91,"end1":104,"start2":123,"end2":137,"tokens":22,"file1Tokens":22,"file2Tokens":22},{"file1":"00192_00002/main.java","file2":"00197_00001/Sociologia.java","start1":107,"end1":117,"start2":140,"end2":151,"tokens":16,"file1Tokens":16,"file2Tokens":16},{"file1":"00192_00002/main.java","file2":"00197_00001/Sociologia.java","start1":126,"end1":133,"start2":84,"end2":91,"tokens":14,"file1Tokens":14,"file2Tokens":14},{"file1":"00192_00002/main.java","file2":"00197_00001/Sociologia.java","start1":149,"end1":160,"start2":111,"end2":122,"tokens":13,"file1Tokens":13,"file2Tokens":13}]}