{"id1":"00192_00002","id2":"00202_00003","similarities":{"AVG":0.5073529411764706,"MAX":0.5267175572519084},"matches":[{"file1":"00192_00002/main.java","file2":"00202_00003/soc.java","start1":86,"end1":113,"start2":145,"end2":177,"tokens":45,"file1Tokens":45,"file2Tokens":45},{"file1":"00192_00002/main.java","file2":"00202_00003/soc.java","start1":149,"end1":160,"start2":113,"end2":123,"tokens":13,"file1Tokens":13,"file2Tokens":13},{"file1":"00192_00002/main.java","file2":"00202_00003/soc.java","start1":126,"end1":131,"start2":92,"end2":97,"tokens":11,"file1Tokens":11,"file2Tokens":11}]}