{"id1":"00192_00002","id2":"00202_00002","similarities":{"AVG":0.4852941176470588,"MAX":0.5038167938931297},"matches":[{"file1":"00192_00002/main.java","file2":"00202_00002/sociologia.java","start1":86,"end1":113,"start2":146,"end2":182,"tokens":45,"file1Tokens":45,"file2Tokens":45},{"file1":"00192_00002/main.java","file2":"00202_00002/sociologia.java","start1":126,"end1":131,"start2":92,"end2":97,"tokens":11,"file1Tokens":11,"file2Tokens":11},{"file1":"00192_00002/main.java","file2":"00202_00002/sociologia.java","start1":152,"end1":160,"start2":119,"end2":126,"tokens":10,"file1Tokens":10,"file2Tokens":10}]}