{"id1":"00197_00001","id2":"00203_00002","similarities":{"AVG":0.5342960288808665,"MAX":0.5606060606060606},"matches":[{"file1":"00197_00001/Sociologia.java","file2":"00203_00002/sociologia.java","start1":83,"end1":99,"start2":85,"end2":102,"tokens":23,"file1Tokens":23,"file2Tokens":23},{"file1":"00197_00001/Sociologia.java","file2":"00203_00002/sociologia.java","start1":110,"end1":121,"start2":110,"end2":119,"tokens":15,"file1Tokens":15,"file2Tokens":15},{"file1":"00197_00001/Sociologia.java","file2":"00203_00002/sociologia.java","start1":74,"end1":82,"start2":69,"end2":78,"tokens":13,"file1Tokens":13,"file2Tokens":13},{"file1":"00197_00001/Sociologia.java","file2":"00203_00002/sociologia.java","start1":146,"end1":153,"start2":145,"end2":152,"tokens":13,"file1Tokens":13,"file2Tokens":13},{"file1":"00197_00001/Sociologia.java","file2":"00203_00002/sociologia.java","start1":129,"end1":137,"start2":125,"end2":131,"tokens":10,"file1Tokens":10,"file2Tokens":10}]}