{"id1":"00194_00001","id2":"00125_00001","similarities":{"AVG":0.27672955974842767,"MAX":0.29333333333333333},"matches":[{"file1":"00194_00001/Sociologia.java","file2":"00125_00001/t.java","start1":99,"end1":117,"start2":115,"end2":126,"tokens":19,"file1Tokens":19,"file2Tokens":19},{"file1":"00194_00001/Sociologia.java","file2":"00125_00001/t.java","start1":122,"end1":132,"start2":42,"end2":50,"tokens":16,"file1Tokens":16,"file2Tokens":16},{"file1":"00194_00001/Sociologia.java","file2":"00125_00001/t.java","start1":5,"end1":13,"start2":5,"end2":13,"tokens":9,"file1Tokens":9,"file2Tokens":9}]}