{"id1":"00202_00003","id2":"00192_00001","similarities":{"AVG":0.6756756756756757,"MAX":0.7092198581560284},"matches":[{"file1":"00202_00003/soc.java","file2":"00192_00001/main.java","start1":145,"end1":165,"start2":88,"end2":107,"tokens":31,"file1Tokens":31,"file2Tokens":31},{"file1":"00202_00003/soc.java","file2":"00192_00001/main.java","start1":125,"end1":143,"start2":131,"end2":147,"tokens":25,"file1Tokens":25,"file2Tokens":25},{"file1":"00202_00003/soc.java","file2":"00192_00001/main.java","start1":88,"end1":97,"start2":116,"end2":124,"tokens":17,"file1Tokens":17,"file2Tokens":17},{"file1":"00202_00003/soc.java","file2":"00192_00001/main.java","start1":112,"end1":123,"start2":166,"end2":177,"tokens":16,"file1Tokens":16,"file2Tokens":16},{"file1":"00202_00003/soc.java","file2":"00192_00001/main.java","start1":169,"end1":176,"start2":110,"end2":115,"tokens":11,"file1Tokens":11,"file2Tokens":11}]}