{"id1":"00204_00001","id2":"00202_00003","similarities":{"AVG":0.3371647509578544,"MAX":0.36666666666666664},"matches":[{"file1":"00204_00001/E2.java","file2":"00202_00003/soc.java","start1":81,"end1":86,"start2":90,"end2":97,"tokens":15,"file1Tokens":15,"file2Tokens":15},{"file1":"00204_00001/E2.java","file2":"00202_00003/soc.java","start1":72,"end1":76,"start2":78,"end2":83,"tokens":10,"file1Tokens":10,"file2Tokens":10},{"file1":"00204_00001/E2.java","file2":"00202_00003/soc.java","start1":94,"end1":98,"start2":150,"end2":155,"tokens":10,"file1Tokens":10,"file2Tokens":10},{"file1":"00204_00001/E2.java","file2":"00202_00003/soc.java","start1":120,"end1":125,"start2":109,"end2":117,"tokens":9,"file1Tokens":9,"file2Tokens":9}]}