{"id1":"00202_00002","id2":"00202_00003","similarities":{"AVG":0.9645390070921985,"MAX":0.9645390070921985},"matches":[{"file1":"00202_00002/sociologia.java","file2":"00202_00003/soc.java","start1":135,"end1":183,"start2":132,"end2":178,"tokens":59,"file1Tokens":59,"file2Tokens":59},{"file1":"00202_00002/sociologia.java","file2":"00202_00003/soc.java","start1":78,"end1":115,"start2":78,"end2":113,"tokens":53,"file1Tokens":53,"file2Tokens":53},{"file1":"00202_00002/sociologia.java","file2":"00202_00003/soc.java","start1":119,"end1":134,"start2":117,"end2":131,"tokens":24,"file1Tokens":24,"file2Tokens":24}]}