{"id1":"00204_00001","id2":"00197_00001","similarities":{"AVG":0.4126984126984127,"MAX":0.43333333333333335},"matches":[{"file1":"00204_00001/E2.java","file2":"00197_00001/Sociologia.java","start1":81,"end1":90,"start2":82,"end2":93,"tokens":20,"file1Tokens":20,"file2Tokens":20},{"file1":"00204_00001/E2.java","file2":"00197_00001/Sociologia.java","start1":93,"end1":98,"start2":122,"end2":127,"tokens":11,"file1Tokens":11,"file2Tokens":11},{"file1":"00204_00001/E2.java","file2":"00197_00001/Sociologia.java","start1":134,"end1":139,"start2":148,"end2":153,"tokens":11,"file1Tokens":11,"file2Tokens":11},{"file1":"00204_00001/E2.java","file2":"00197_00001/Sociologia.java","start1":104,"end1":109,"start2":96,"end2":101,"tokens":10,"file1Tokens":10,"file2Tokens":10}]}