{"id1":"00203_00002","id2":"00202_00003","similarities":{"AVG":0.34265734265734266,"MAX":0.3475177304964539},"matches":[{"file1":"00203_00002/sociologia.java","file2":"00202_00003/soc.java","start1":110,"end1":119,"start2":112,"end2":121,"tokens":15,"file1Tokens":15,"file2Tokens":15},{"file1":"00203_00002/sociologia.java","file2":"00202_00003/soc.java","start1":85,"end1":92,"start2":91,"end2":97,"tokens":13,"file1Tokens":13,"file2Tokens":13},{"file1":"00203_00002/sociologia.java","file2":"00202_00003/soc.java","start1":125,"end1":132,"start2":157,"end2":166,"tokens":11,"file1Tokens":11,"file2Tokens":11},{"file1":"00203_00002/sociologia.java","file2":"00202_00003/soc.java","start1":93,"end1":102,"start2":132,"end2":142,"tokens":10,"file1Tokens":10,"file2Tokens":10}]}