{"id1":"00203_00002","id2":"00192_00001","similarities":{"AVG":0.38,"MAX":0.3931034482758621},"matches":[{"file1":"00203_00002/sociologia.java","file2":"00192_00001/main.java","start1":85,"end1":102,"start2":119,"end2":134,"tokens":23,"file1Tokens":23,"file2Tokens":23},{"file1":"00203_00002/sociologia.java","file2":"00192_00001/main.java","start1":110,"end1":119,"start2":166,"end2":176,"tokens":15,"file1Tokens":15,"file2Tokens":15},{"file1":"00203_00002/sociologia.java","file2":"00192_00001/main.java","start1":125,"end1":131,"start2":100,"end2":107,"tokens":10,"file1Tokens":10,"file2Tokens":10},{"file1":"00203_00002/sociologia.java","file2":"00192_00001/main.java","start1":135,"end1":143,"start2":112,"end2":118,"tokens":9,"file1Tokens":9,"file2Tokens":9}]}