{"id1":"00201_00001","id2":"00119_00001","similarities":{"AVG":0.2571428571428571,"MAX":0.27692307692307694},"matches":[{"file1":"00201_00001/Sociologia2.java","file2":"00119_00001/Sociologia.java","start1":15,"end1":24,"start2":4,"end2":10,"tokens":9,"file1Tokens":9,"file2Tokens":9},{"file1":"00201_00001/Sociologia2.java","file2":"00119_00001/Sociologia.java","start1":46,"end1":52,"start2":35,"end2":40,"tokens":9,"file1Tokens":9,"file2Tokens":9},{"file1":"00201_00001/Sociologia2.java","file2":"00119_00001/Sociologia.java","start1":87,"end1":95,"start2":101,"end2":113,"tokens":9,"file1Tokens":9,"file2Tokens":9},{"file1":"00201_00001/Sociologia2.java","file2":"00119_00001/Sociologia.java","start1":107,"end1":117,"start2":129,"end2":139,"tokens":9,"file1Tokens":9,"file2Tokens":9}]}