{"id1":"00204_00001","id2":"00202_00002","similarities":{"AVG":0.3448275862068966,"MAX":0.375},"matches":[{"file1":"00204_00001/E2.java","file2":"00202_00002/sociologia.java","start1":81,"end1":86,"start2":90,"end2":97,"tokens":15,"file1Tokens":15,"file2Tokens":15},{"file1":"00204_00001/E2.java","file2":"00202_00002/sociologia.java","start1":72,"end1":76,"start2":78,"end2":84,"tokens":10,"file1Tokens":10,"file2Tokens":10},{"file1":"00204_00001/E2.java","file2":"00202_00002/sociologia.java","start1":94,"end1":98,"start2":153,"end2":158,"tokens":10,"file1Tokens":10,"file2Tokens":10},{"file1":"00204_00001/E2.java","file2":"00202_00002/sociologia.java","start1":138,"end1":144,"start2":133,"end2":140,"tokens":10,"file1Tokens":10,"file2Tokens":10}]}