{"id1":"00202_00002","id2":"00192_00001","similarities":{"AVG":0.6283783783783784,"MAX":0.6595744680851063},"matches":[{"file1":"00202_00002/sociologia.java","file2":"00192_00001/main.java","start1":146,"end1":169,"start2":88,"end2":107,"tokens":31,"file1Tokens":31,"file2Tokens":31},{"file1":"00202_00002/sociologia.java","file2":"00192_00001/main.java","start1":88,"end1":97,"start2":116,"end2":124,"tokens":17,"file1Tokens":17,"file2Tokens":17},{"file1":"00202_00002/sociologia.java","file2":"00192_00001/main.java","start1":128,"end1":134,"start2":131,"end2":136,"tokens":13,"file1Tokens":13,"file2Tokens":13},{"file1":"00202_00002/sociologia.java","file2":"00192_00001/main.java","start1":135,"end1":144,"start2":137,"end2":147,"tokens":11,"file1Tokens":11,"file2Tokens":11},{"file1":"00202_00002/sociologia.java","file2":"00192_00001/main.java","start1":173,"end1":181,"start2":110,"end2":115,"tokens":11,"file1Tokens":11,"file2Tokens":11},{"file1":"00202_00002/sociologia.java","file2":"00192_00001/main.java","start1":119,"end1":126,"start2":169,"end2":177,"tokens":10,"file1Tokens":10,"file2Tokens":10}]}