{"id1":"00203_00002","id2":"00202_00002","similarities":{"AVG":0.2937062937062937,"MAX":0.2978723404255319},"matches":[{"file1":"00203_00002/sociologia.java","file2":"00202_00002/sociologia.java","start1":85,"end1":92,"start2":91,"end2":97,"tokens":13,"file1Tokens":13,"file2Tokens":13},{"file1":"00203_00002/sociologia.java","file2":"00202_00002/sociologia.java","start1":125,"end1":132,"start2":161,"end2":170,"tokens":11,"file1Tokens":11,"file2Tokens":11},{"file1":"00203_00002/sociologia.java","file2":"00202_00002/sociologia.java","start1":93,"end1":102,"start2":98,"end2":105,"tokens":9,"file1Tokens":9,"file2Tokens":9},{"file1":"00203_00002/sociologia.java","file2":"00202_00002/sociologia.java","start1":113,"end1":119,"start2":119,"end2":124,"tokens":9,"file1Tokens":9,"file2Tokens":9}]}